time,tavg,tmin,tmax,prcp,snow,wdir,wspd,wpgt,pres,tsun,City,State
2025-01-01,11.2,8.0,15.5,0.0,,273.0,3.9,,1019.3,,Delhi,DL
2025-01-02,11.7,8.6,17.0,0.0,,268.0,4.2,,1018.4,,Delhi,DL
2025-01-03,12.7,8.6,20.0,0.0,,269.0,1.1,,1018.1,,Delhi,DL
2025-01-04,13.0,8.8,19.2,0.0,,98.0,1.7,,1016.3,,Delhi,DL
2025-01-05,13.0,10.0,17.6,0.0,,106.0,3.8,,1016.2,,Delhi,DL
2025-01-06,13.1,10.0,16.4,19.0,,309.0,3.7,,1017.1,,Delhi,DL
2025-01-07,11.8,9.0,16.9,0.0,,280.0,6.1,,1017.9,,Delhi,DL
2025-01-08,12.7,8.4,20.8,0.0,,274.0,5.0,,1016.0,,Delhi,DL
2025-01-09,12.0,6.4,20.0,0.0,,39.0,1.2,,1018.5,,Delhi,DL
2025-01-10,11.9,7.6,17.9,0.0,,125.0,2.2,,1020.3,,Delhi,DL
2025-01-11,12.3,9.0,16.6,6.4,,77.0,3.6,,1018.7,,Delhi,DL
2025-01-12,12.8,9.8,16.6,0.5,,345.0,2.1,,1019.2,,Delhi,DL
2025-01-13,13.2,10.2,18.0,0.0,,267.0,6.2,,1018.9,,Delhi,DL
2025-01-14,13.2,9.5,20.2,0.0,,267.0,4.3,,1019.0,,Delhi,DL
2025-01-15,12.3,7.0,16.9,6.1,,0.0,1.7,,1020.4,,Delhi,DL
2025-01-16,13.2,10.6,18.6,4.1,,25.0,2.1,,1020.9,,Delhi,DL
2025-01-17,12.9,8.8,19.6,0.0,,283.0,4.3,,1020.8,,Delhi,DL
2025-01-18,13.4,9.8,19.8,0.0,,285.0,2.7,,1019.5,,Delhi,DL
2025-01-19,15.8,10.2,25.4,0.0,,301.0,1.5,,1017.0,,Delhi,DL
2025-01-20,16.7,12.3,24.0,0.0,,281.0,5.2,,1015.2,,Delhi,DL
2025-01-21,16.4,11.8,23.4,0.0,,271.0,5.5,,1014.1,,Delhi,DL
2025-01-22,16.4,10.4,24.8,0.0,,276.0,2.5,,1013.7,,Delhi,DL
2025-01-23,16.8,11.0,25.6,0.5,,290.0,3.4,,1015.0,,Delhi,DL
2025-01-24,15.8,9.8,24.8,0.0,,268.0,7.5,,1015.6,,Delhi,DL
2025-01-25,15.0,10.1,22.4,0.0,,266.0,7.4,,1015.0,,Delhi,DL
2025-01-26,14.2,8.4,22.1,0.0,,257.0,5.2,,1014.9,,Delhi,DL
2025-01-27,13.6,7.0,21.9,0.0,,252.0,3.8,,1013.7,,Delhi,DL
2025-01-28,14.0,7.4,22.5,0.0,,226.0,3.4,,1013.2,,Delhi,DL
2025-01-29,15.1,8.3,24.0,0.0,,116.0,3.3,,1014.5,,Delhi,DL
2025-01-30,16.5,10.6,25.0,0.0,,139.0,2.4,,1011.4,,Delhi,DL
2025-01-31,17.1,11.1,25.1,0.0,,177.0,2.5,,1010.6,,Delhi,DL
2025-02-01,17.3,11.8,24.1,0.0,,284.0,2.8,,1012.8,,Delhi,DL
2025-02-02,16.8,12.6,22.8,0.0,,277.0,5.5,,1015.2,,Delhi,DL
2025-02-03,16.2,10.9,23.3,0.0,,267.0,4.1,,1014.6,,Delhi,DL
2025-02-04,18.3,12.8,24.4,0.5,,352.0,2.9,,1014.5,,Delhi,DL
2025-02-05,16.4,11.0,26.0,0.0,,287.0,6.1,,1015.3,,Delhi,DL
2025-02-06,16.0,11.2,22.3,0.0,,277.0,8.8,,1017.2,,Delhi,DL
2025-02-07,16.0,11.0,22.3,0.0,,272.0,11.6,,1016.8,,Delhi,DL
2025-02-08,16.7,10.9,24.4,0.0,,268.0,8.0,,1015.4,,Delhi,DL
2025-02-09,16.7,10.0,25.6,0.0,,257.0,2.6,,1014.5,,Delhi,DL
2025-02-10,17.4,9.9,26.4,0.0,,256.0,2.6,,1013.7,,Delhi,DL
2025-02-11,18.6,11.1,28.0,0.0,,238.0,2.4,,1013.1,,Delhi,DL
2025-02-12,18.3,11.8,25.9,0.0,,275.0,8.7,,1014.2,,Delhi,DL
2025-02-13,18.0,12.1,24.4,0.0,,270.0,11.1,,1014.7,,Delhi,DL
2025-02-14,18.5,13.3,26.0,0.0,,267.0,10.7,,1012.7,,Delhi,DL
2025-02-15,18.4,11.7,26.5,0.0,,247.0,3.5,,1010.7,,Delhi,DL
2025-02-16,18.5,11.2,27.1,0.0,,252.0,2.4,,1012.2,,Delhi,DL
2025-02-17,19.9,14.1,27.9,0.0,,235.0,2.4,,1014.7,,Delhi,DL
2025-02-18,19.8,14.3,26.8,0.0,,235.0,3.5,,1014.4,,Delhi,DL
2025-01-01,27.3,22.0,33.0,0.0,,17.0,5.2,,1013.4,,Mumbai,MU
2025-01-02,27.0,20.6,33.0,0.0,,9.0,5.4,,1013.2,,Mumbai,MU
2025-01-03,27.2,18.4,34.0,0.0,,81.0,7.3,,1013.1,,Mumbai,MU
2025-01-04,25.9,17.4,32.0,0.0,,9.0,7.1,,1012.2,,Mumbai,MU
2025-01-05,25.5,20.4,30.8,0.0,,350.0,4.2,,1012.0,,Mumbai,MU
2025-01-06,24.1,19.2,29.2,0.0,,355.0,7.3,,1012.5,,Mumbai,MU
2025-01-07,24.8,16.8,32.4,0.0,,11.0,5.8,,1012.0,,Mumbai,MU
2025-01-08,26.3,21.0,31.8,0.0,,24.0,7.3,,1011.6,,Mumbai,MU
2025-01-09,26.0,19.4,33.0,0.0,,35.0,6.3,,1012.3,,Mumbai,MU
2025-01-10,25.5,18.4,31.4,0.0,,70.0,6.7,,1013.3,,Mumbai,MU
2025-01-11,24.8,19.6,29.6,0.0,,351.0,5.6,,1013.9,,Mumbai,MU
2025-01-12,24.9,19.4,30.0,0.0,,352.0,6.6,,1013.6,,Mumbai,MU
2025-01-13,26.9,22.0,33.2,0.0,,49.0,9.3,,1011.7,,Mumbai,MU
2025-01-14,26.8,21.8,35.0,0.0,,32.0,7.6,,1012.0,,Mumbai,MU
2025-01-15,25.5,21.8,30.0,0.0,,343.0,6.3,,1013.5,,Mumbai,MU
2025-01-16,24.8,20.0,30.0,0.0,,347.0,6.3,,1014.0,,Mumbai,MU
2025-01-17,26.9,21.0,35.2,0.0,,19.0,6.3,,1012.0,,Mumbai,MU
2025-01-18,27.6,20.4,34.4,0.0,,53.0,7.0,,1011.7,,Mumbai,MU
2025-01-19,27.0,18.8,33.0,0.0,,6.0,6.4,,1012.5,,Mumbai,MU
2025-01-20,27.1,19.6,33.0,0.0,,17.0,5.3,,1011.8,,Mumbai,MU
2025-01-21,26.5,19.8,32.4,0.0,,358.0,5.1,,1010.9,,Mumbai,MU
2025-01-22,26.2,20.0,32.0,0.0,,347.0,5.9,,1010.6,,Mumbai,MU
2025-01-23,25.4,20.4,30.2,0.0,,343.0,7.1,,1010.7,,Mumbai,MU
2025-01-24,26.3,19.0,33.0,0.0,,347.0,4.5,,1009.7,,Mumbai,MU
2025-01-25,28.2,25.0,34.0,0.0,,112.0,7.7,,1010.5,,Mumbai,MU
2025-01-26,28.2,23.0,33.0,0.0,,,7.2,,1010.3,,Mumbai,MU
2025-01-27,27.9,24.0,32.0,0.0,,,7.0,,1009.7,,Mumbai,MU
2025-01-28,26.1,22.0,30.0,0.0,,,6.5,,1010.1,,Mumbai,MU
2025-01-29,26.0,21.1,30.0,0.0,,,6.7,,1011.8,,Mumbai,MU
2025-01-30,26.5,23.0,31.0,0.0,,296.0,6.8,,1010.5,,Mumbai,MU
2025-01-31,25.8,23.0,30.0,0.0,,338.0,8.9,,1010.7,,Mumbai,MU
2025-02-01,24.5,22.0,29.0,0.0,,356.0,8.7,,1011.6,,Mumbai,MU
2025-02-02,25.8,22.0,30.0,0.0,,338.0,7.1,,1011.4,,Mumbai,MU
2025-02-03,25.4,22.0,28.0,0.0,,324.0,7.4,,1011.9,,Mumbai,MU
2025-02-04,25.5,22.0,30.0,0.0,,323.0,8.6,,1012.8,,Mumbai,MU
2025-02-05,25.5,22.0,31.0,0.0,,343.0,8.6,,1011.7,,Mumbai,MU
2025-02-06,26.4,21.0,33.0,0.0,,342.0,6.0,,1010.5,,Mumbai,MU
2025-02-07,28.6,25.0,33.0,0.0,,51.0,6.9,,1011.5,,Mumbai,MU
2025-02-08,28.6,25.0,33.0,0.0,,335.0,6.3,,1011.7,,Mumbai,MU
2025-02-09,29.0,24.0,33.0,0.0,,,6.2,,1011.0,,Mumbai,MU
2025-02-10,28.5,25.0,34.0,0.0,,330.0,9.0,,1012.5,,Mumbai,MU
2025-02-11,27.0,24.0,31.0,0.0,,336.0,9.1,,1013.2,,Mumbai,MU
2025-02-12,26.6,22.0,32.0,0.0,,338.0,6.6,,1013.3,,Mumbai,MU
2025-02-13,27.7,22.0,33.0,0.0,,7.0,6.9,,1012.3,,Mumbai,MU
2025-02-14,29.4,23.0,35.0,0.0,,12.0,9.0,,1011.6,,Mumbai,MU
2025-02-15,29.5,25.0,35.0,0.0,,340.0,8.1,,1011.1,,Mumbai,MU
2025-02-16,28.5,23.0,34.0,0.0,,,7.3,,1011.6,,Mumbai,MU
2025-02-17,28.1,23.0,32.0,0.0,,349.0,8.8,,1012.4,,Mumbai,MU
2025-02-18,28.0,23.4,33.0,0.0,,,4.8,,1012.4,,Mumbai,MU
2025-01-01,18.3,13.7,23.2,0.0,,339.0,6.7,,1015.4,,Kolkata,KO
2025-01-02,17.3,12.5,22.5,0.0,,339.0,6.8,,1015.7,,Kolkata,KO
2025-01-03,17.2,12.1,22.6,0.0,,340.0,5.5,,1015.6,,Kolkata,KO
2025-01-04,18.8,13.7,24.1,0.0,,345.0,5.0,,1014.2,,Kolkata,KO
2025-01-05,19.5,14.7,25.7,0.0,,354.0,4.1,,1014.6,,Kolkata,KO
2025-01-06,19.3,13.9,25.2,0.0,,281.0,2.9,,1013.7,,Kolkata,KO
2025-01-07,20.9,15.9,26.7,0.0,,300.0,4.3,,1012.8,,Kolkata,KO
2025-01-08,18.9,15.6,23.7,0.0,,349.0,7.0,,1014.7,,Kolkata,KO
2025-01-09,18.0,13.8,23.5,0.0,,15.0,5.5,,1017.2,,Kolkata,KO
2025-01-10,18.1,13.4,23.8,0.0,,357.0,5.4,,1018.6,,Kolkata,KO
2025-01-11,18.4,12.8,24.3,0.0,,358.0,4.6,,1018.2,,Kolkata,KO
2025-01-12,19.6,14.5,26.1,0.0,,337.0,3.1,,1016.8,,Kolkata,KO
2025-01-13,20.4,14.5,27.1,0.0,,330.0,3.0,,1015.0,,Kolkata,KO
2025-01-14,21.0,16.6,26.6,0.0,,4.0,5.9,,1017.3,,Kolkata,KO
2025-01-15,20.0,15.7,25.6,0.0,,3.0,6.4,,1018.0,,Kolkata,KO
2025-01-16,19.5,14.0,25.6,0.0,,352.0,6.2,,1017.3,,Kolkata,KO
2025-01-17,19.9,14.5,26.0,0.0,,351.0,5.9,,1016.2,,Kolkata,KO
2025-01-18,20.0,14.9,25.4,0.0,,351.0,5.8,,1015.7,,Kolkata,KO
2025-01-19,20.0,15.3,25.6,0.0,,340.0,5.9,,1014.5,,Kolkata,KO
2025-01-20,19.2,13.4,24.7,0.0,,325.0,5.0,,1012.8,,Kolkata,KO
2025-01-21,20.4,14.5,26.3,0.0,,290.0,4.8,,1012.0,,Kolkata,KO
2025-01-22,21.3,15.4,27.9,0.0,,333.0,4.4,,1012.6,,Kolkata,KO
2025-01-23,21.7,15.9,27.9,0.0,,230.0,3.6,,1013.1,,Kolkata,KO
2025-01-24,22.0,16.8,27.8,0.0,,286.0,3.5,,1012.4,,Kolkata,KO
2025-01-25,22.0,18.5,26.7,0.1,,349.0,5.5,,1013.3,,Kolkata,KO
2025-01-26,20.5,16.2,25.6,0.0,,0.0,6.4,,1013.4,,Kolkata,KO
2025-01-27,19.5,14.1,25.2,0.0,,290.0,6.8,,1011.8,,Kolkata,KO
2025-01-28,20.1,14.0,26.6,0.0,,256.0,5.4,,1013.0,,Kolkata,KO
2025-01-29,21.8,16.9,27.6,0.1,,162.0,7.6,,1014.7,,Kolkata,KO
2025-01-30,23.4,19.1,29.4,0.0,,199.0,13.7,,1011.0,,Kolkata,KO
2025-01-31,24.2,20.5,30.1,0.0,,213.0,10.6,,1010.8,,Kolkata,KO
2025-02-01,24.8,22.6,29.4,0.0,,198.0,6.5,,1011.7,,Kolkata,KO
2025-02-02,24.5,20.7,29.8,0.2,,266.0,5.2,,1011.8,,Kolkata,KO
2025-02-03,24.5,20.4,30.2,0.0,,8.0,5.8,,1012.7,,Kolkata,KO
2025-02-04,23.4,18.5,28.4,0.0,,337.0,5.9,,1012.9,,Kolkata,KO
2025-02-05,23.9,17.7,30.4,0.0,,252.0,6.1,,1011.1,,Kolkata,KO
2025-02-06,25.0,20.3,30.4,0.0,,312.0,6.8,,1011.9,,Kolkata,KO
2025-02-07,22.1,17.6,27.1,0.0,,325.0,7.6,,1013.9,,Kolkata,KO
2025-02-08,21.2,16.0,27.4,0.0,,357.0,7.8,,1014.2,,Kolkata,KO
2025-02-09,21.2,14.8,27.3,0.0,,293.0,6.1,,1013.5,,Kolkata,KO
2025-02-10,22.8,16.1,30.0,0.0,,240.0,6.9,,1013.6,,Kolkata,KO
2025-02-11,24.6,20.4,30.8,0.0,,229.0,9.6,,1012.3,,Kolkata,KO
2025-02-12,25.4,20.2,31.7,0.0,,260.0,6.7,,1012.0,,Kolkata,KO
2025-02-13,25.5,21.8,30.9,0.2,,267.0,6.6,,1011.1,,Kolkata,KO
2025-02-14,23.3,18.7,28.6,0.0,,301.0,8.3,,1011.8,,Kolkata,KO
2025-02-15,23.4,16.9,30.1,0.0,,271.0,6.3,,1011.5,,Kolkata,KO
2025-02-16,24.2,18.1,31.5,0.0,,224.0,8.5,,1011.7,,Kolkata,KO
2025-02-17,25.6,20.8,31.9,0.0,,192.0,9.3,,1013.2,,Kolkata,KO
2025-02-18,25.9,20.7,32.1,0.0,,233.0,5.9,,1012.8,,Kolkata,KO
2025-01-01,17.3,12.3,23.4,0.0,,332.0,9.7,,1015.5,,West Bengal,WB
2025-01-02,16.1,10.4,22.9,0.0,,333.0,10.2,,1016.0,,West Bengal,WB
2025-01-03,16.4,10.5,23.2,0.0,,342.0,7.6,,1015.7,,West Bengal,WB
2025-01-04,18.1,12.2,24.6,0.0,,356.0,7.4,,1014.6,,West Bengal,WB
2025-01-05,19.3,15.0,26.1,0.0,,16.0,7.7,,1014.7,,West Bengal,WB
2025-01-06,19.1,13.4,25.9,0.0,,250.0,4.9,,1013.7,,West Bengal,WB
2025-01-07,20.3,14.4,27.2,0.0,,290.0,8.8,,1012.7,,West Bengal,WB
2025-01-08,17.3,12.4,23.0,0.0,,350.0,8.8,,1014.9,,West Bengal,WB
2025-01-09,16.8,12.1,23.0,0.0,,14.0,7.4,,1017.2,,West Bengal,WB
2025-01-10,16.5,10.9,23.0,0.0,,356.0,7.5,,1018.9,,West Bengal,WB
2025-01-11,17.1,10.8,24.3,0.0,,11.0,5.7,,1018.4,,West Bengal,WB
2025-01-12,18.3,11.8,25.3,0.0,,232.0,4.4,,1016.9,,West Bengal,WB
2025-01-13,19.8,13.5,27.3,0.0,,302.0,5.4,,1014.9,,West Bengal,WB
2025-01-14,20.1,15.6,26.0,0.0,,10.0,9.0,,1017.4,,West Bengal,WB
2025-01-15,18.8,14.0,25.2,0.0,,358.0,9.3,,1018.4,,West Bengal,WB
2025-01-16,18.0,11.6,24.9,0.0,,2.0,7.0,,1017.5,,West Bengal,WB
2025-01-17,18.6,12.7,25.3,0.0,,352.0,7.7,,1016.4,,West Bengal,WB
2025-01-18,18.8,12.4,25.9,0.0,,352.0,8.0,,1015.9,,West Bengal,WB
2025-01-19,18.5,12.8,25.8,0.0,,325.0,8.5,,1014.8,,West Bengal,WB
2025-01-20,18.2,11.4,25.7,0.0,,310.0,8.8,,1013.0,,West Bengal,WB
2025-01-21,19.6,13.2,26.7,0.0,,300.0,8.1,,1012.0,,West Bengal,WB
2025-01-22,19.8,13.3,27.4,0.0,,313.0,5.9,,1012.9,,West Bengal,WB
2025-01-23,19.9,13.7,27.8,0.0,,174.0,6.0,,1013.1,,West Bengal,WB
2025-01-24,20.7,15.0,27.6,0.0,,244.0,6.1,,1012.5,,West Bengal,WB
2025-01-25,20.5,15.5,27.0,0.0,,343.0,7.0,,1013.6,,West Bengal,WB
2025-01-26,18.2,11.7,24.6,0.0,,332.0,6.8,,1013.6,,West Bengal,WB
2025-01-27,18.1,12.1,25.2,0.0,,297.0,8.1,,1011.8,,West Bengal,WB
2025-01-28,18.4,11.6,25.9,0.0,,283.0,6.6,,1013.0,,West Bengal,WB
2025-01-29,19.2,13.7,26.1,1.1,,222.0,5.7,,1014.8,,West Bengal,WB
2025-01-30,22.8,17.7,28.8,0.0,,201.0,11.7,,1010.6,,West Bengal,WB
2025-01-31,23.1,18.5,29.3,0.0,,156.0,5.2,,1010.7,,West Bengal,WB
2025-02-01,23.4,20.1,28.4,0.1,,154.0,5.9,,1011.9,,West Bengal,WB
2025-02-02,23.3,18.8,29.6,0.0,,10.0,5.4,,1011.9,,West Bengal,WB
2025-02-03,22.7,17.7,28.9,0.0,,14.0,6.8,,1013.0,,West Bengal,WB
2025-02-04,21.3,15.1,28.1,0.0,,325.0,5.9,,1013.0,,West Bengal,WB
2025-02-05,22.0,14.3,29.8,0.0,,259.0,6.8,,1011.0,,West Bengal,WB
2025-02-06,23.2,18.1,29.3,0.0,,323.0,8.6,,1012.1,,West Bengal,WB
2025-02-07,19.5,13.5,27.2,0.0,,276.0,8.2,,1013.8,,West Bengal,WB
2025-02-08,18.5,12.4,25.0,0.0,,7.0,6.6,,1014.6,,West Bengal,WB
2025-02-09,19.0,11.8,26.5,0.0,,281.0,6.6,,1013.6,,West Bengal,WB
2025-02-10,20.7,12.7,29.0,0.0,,264.0,7.3,,1013.4,,West Bengal,WB
2025-02-11,23.1,17.4,30.3,0.0,,246.0,7.4,,1012.2,,West Bengal,WB
2025-02-12,23.3,17.3,30.7,0.0,,346.0,6.4,,1012.0,,West Bengal,WB
2025-02-13,23.3,17.4,30.5,0.0,,273.0,7.8,,1011.3,,West Bengal,WB
2025-02-14,20.6,13.8,28.1,0.0,,270.0,8.4,,1011.8,,West Bengal,WB
2025-02-15,21.2,13.3,29.4,0.0,,258.0,6.7,,1011.5,,West Bengal,WB
2025-02-16,22.5,15.2,30.2,0.0,,197.0,8.1,,1011.6,,West Bengal,WB
2025-02-17,23.6,17.8,30.4,0.0,,133.0,6.6,,1013.1,,West Bengal,WB
2025-02-18,24.1,18.8,30.0,0.0,,44.0,7.4,,1013.0,,West Bengal,WB
2025-01-01,25.5,22.7,29.2,0.0,,26.0,15.6,,1013.7,,Chennai,CN
2025-01-02,25.2,21.9,29.4,0.0,,29.0,14.1,,1013.6,,Chennai,CN
2025-01-03,25.0,22.2,29.2,0.0,,22.0,15.0,,1013.8,,Chennai,CN
2025-01-04,24.3,20.9,28.5,0.1,,9.0,11.2,,1013.0,,Chennai,CN
2025-01-05,24.5,20.8,29.5,0.0,,9.0,9.7,,1013.2,,Chennai,CN
2025-01-06,24.7,20.6,29.2,0.0,,21.0,9.0,,1012.8,,Chennai,CN
2025-01-07,24.9,22.3,29.0,1.0,,24.0,12.8,,1012.6,,Chennai,CN
2025-01-08,24.4,19.9,28.4,0.0,,21.0,13.5,,1012.6,,Chennai,CN
2025-01-09,25.5,23.0,29.0,0.0,,35.0,16.4,,1013.4,,Chennai,CN
2025-01-10,25.3,22.3,28.5,1.5,,23.0,16.4,,1014.6,,Chennai,CN
2025-01-11,25.9,24.1,28.3,0.0,,42.0,17.9,,1014.6,,Chennai,CN
2025-01-12,24.9,22.9,27.0,0.5,,11.0,16.7,,1014.1,,Chennai,CN
2025-01-13,25.3,23.2,28.0,7.6,,42.0,14.7,,1012.6,,Chennai,CN
2025-01-14,25.8,23.6,29.0,0.1,,32.0,16.4,,1013.8,,Chennai,CN
2025-01-15,26.2,24.3,29.8,0.2,,50.0,20.0,,1014.8,,Chennai,CN
2025-01-16,25.9,23.8,29.5,0.0,,51.0,17.3,,1014.5,,Chennai,CN
2025-01-17,25.3,22.6,28.8,0.0,,40.0,18.0,,1013.6,,Chennai,CN
2025-01-18,25.0,22.2,27.9,2.8,,16.0,17.2,,1012.6,,Chennai,CN
2025-01-19,25.2,23.3,29.1,18.8,,34.0,17.7,,1012.5,,Chennai,CN
2025-01-20,24.8,22.1,28.6,0.0,,10.0,15.0,,1012.2,,Chennai,CN
2025-01-21,24.5,21.1,29.4,0.0,,13.0,12.6,,1011.7,,Chennai,CN
2025-01-22,24.9,21.4,29.2,0.0,,21.0,11.3,,1011.7,,Chennai,CN
2025-01-23,25.2,22.1,29.0,0.0,,47.0,10.3,,1011.9,,Chennai,CN
2025-01-24,24.8,20.9,29.5,0.0,,20.0,9.3,,1011.8,,Chennai,CN
2025-01-25,24.7,21.1,29.0,0.0,,12.0,11.0,,1012.2,,Chennai,CN
2025-01-26,23.8,19.3,28.9,0.0,,5.0,10.7,,1012.2,,Chennai,CN
2025-01-27,24.5,20.1,29.5,0.0,,26.0,9.4,,1011.6,,Chennai,CN
2025-01-28,25.2,20.1,29.5,0.0,,47.0,10.5,,1012.0,,Chennai,CN
2025-01-29,25.3,21.3,29.1,0.0,,25.0,14.9,,1013.1,,Chennai,CN
2025-01-30,25.9,22.3,30.7,0.0,,30.0,13.9,,1011.7,,Chennai,CN
2025-01-31,26.3,22.4,30.1,0.2,,65.0,12.0,,1011.1,,Chennai,CN
2025-02-01,26.7,23.5,30.9,0.2,,79.0,11.5,,1011.8,,Chennai,CN
2025-02-02,26.0,22.6,30.8,0.1,,65.0,11.1,,1012.1,,Chennai,CN
2025-02-03,25.2,20.0,31.7,0.0,,49.0,7.9,,1012.4,,Chennai,CN
2025-02-04,25.7,20.1,32.6,0.0,,28.0,7.3,,1012.5,,Chennai,CN
2025-02-05,26.3,21.1,32.8,0.0,,116.0,8.8,,1011.7,,Chennai,CN
2025-02-06,26.3,22.1,31.4,0.0,,81.0,9.8,,1011.7,,Chennai,CN
2025-02-07,25.9,21.0,32.0,0.0,,47.0,8.6,,1013.0,,Chennai,CN
2025-02-08,26.1,21.5,31.8,0.0,,27.0,8.7,,1012.9,,Chennai,CN
2025-02-09,26.2,21.7,31.1,0.0,,37.0,9.9,,1012.5,,Chennai,CN
2025-02-10,26.6,22.9,30.7,0.0,,60.0,13.1,,1013.5,,Chennai,CN
2025-02-11,26.2,21.7,32.2,0.0,,63.0,10.2,,1013.7,,Chennai,CN
2025-02-12,25.9,20.9,32.2,0.0,,45.0,9.1,,1013.3,,Chennai,CN
2025-02-13,25.7,20.9,32.8,0.0,,157.0,9.0,,1012.9,,Chennai,CN
2025-02-14,25.8,20.2,33.5,0.0,,172.0,11.0,,1012.5,,Chennai,CN
2025-02-15,26.2,21.3,32.2,0.0,,163.0,12.2,,1011.6,,Chennai,CN
2025-02-16,26.8,22.0,32.5,0.0,,139.0,12.5,,1012.3,,Chennai,CN
2025-02-17,26.8,22.2,31.7,0.0,,135.0,10.5,,1013.6,,Chennai,CN
2025-02-18,26.3,21.0,31.8,0.0,,175.0,10.0,,1013.4,,Chennai,CN
2025-01-01,23.3,17.5,29.3,0.0,,65.0,10.2,,1013.9,,Salem,TN
2025-01-02,23.1,18.8,29.0,0.0,,72.0,10.1,,1014.0,,Salem,TN
2025-01-03,22.7,17.8,28.3,0.0,,68.0,10.9,,1014.2,,Salem,TN
2025-01-04,22.4,16.4,28.5,0.0,,78.0,10.6,,1013.5,,Salem,TN
2025-01-05,22.9,18.7,29.4,0.0,,89.0,9.1,,1013.6,,Salem,TN
2025-01-06,22.9,17.8,28.8,0.0,,84.0,8.1,,1013.4,,Salem,TN
2025-01-07,23.6,18.7,30.0,0.0,,78.0,8.5,,1012.8,,Salem,TN
2025-01-08,24.1,20.3,29.8,0.0,,78.0,9.7,,1012.5,,Salem,TN
2025-01-09,22.7,17.1,28.9,0.0,,76.0,11.1,,1013.8,,Salem,TN
2025-01-10,23.4,18.0,27.8,0.0,,67.0,9.9,,1014.7,,Salem,TN
2025-01-11,24.5,21.0,28.8,0.0,,79.0,10.6,,1014.5,,Salem,TN
2025-01-12,23.7,17.9,29.5,0.2,,70.0,10.3,,1014.3,,Salem,TN
2025-01-13,24.9,22.5,29.6,3.8,,83.0,10.4,,1012.7,,Salem,TN
2025-01-14,26.7,21.3,30.0,5.1,,81.0,10.5,,1013.8,,Salem,TN
2025-01-15,26.1,20.3,30.9,0.0,,66.0,11.6,,1014.7,,Salem,TN
2025-01-16,24.1,20.0,29.4,0.0,,70.0,12.1,,1014.5,,Salem,TN
2025-01-17,23.4,17.6,29.3,0.0,,70.0,11.2,,1013.4,,Salem,TN
2025-01-18,23.4,18.5,29.1,0.0,,68.0,10.0,,1012.7,,Salem,TN
2025-01-19,24.0,21.6,28.5,4.6,,87.0,10.3,,1013.1,,Salem,TN
2025-01-20,24.3,19.5,30.1,0.0,,71.0,8.8,,1012.3,,Salem,TN
2025-01-21,22.9,17.3,30.2,0.0,,68.0,8.5,,1011.9,,Salem,TN
2025-01-22,23.3,17.7,29.1,0.0,,88.0,10.3,,1011.9,,Salem,TN
2025-01-23,24.0,19.1,31.0,0.0,,90.0,10.9,,1012.1,,Salem,TN
2025-01-24,23.2,18.4,30.0,0.0,,94.0,12.0,,1011.9,,Salem,TN
2025-01-25,23.5,17.4,30.1,0.0,,82.0,9.7,,1012.2,,Salem,TN
2025-01-26,23.4,17.4,30.8,0.0,,97.0,11.6,,1012.5,,Salem,TN
2025-01-27,23.0,17.7,29.6,0.0,,102.0,10.5,,1012.0,,Salem,TN
2025-01-28,23.0,17.7,29.1,0.0,,109.0,10.7,,1012.6,,Salem,TN
2025-01-29,23.8,17.8,30.6,0.0,,102.0,12.5,,1013.3,,Salem,TN
2025-01-30,24.5,19.0,30.0,0.0,,102.0,10.1,,1012.5,,Salem,TN
2025-01-31,25.6,21.8,31.1,0.0,,98.0,13.1,,1011.7,,Salem,TN
2025-02-01,25.6,21.4,30.9,0.0,,104.0,11.4,,1012.6,,Salem,TN
2025-02-02,25.4,21.2,32.3,0.0,,102.0,11.3,,1012.7,,Salem,TN
2025-02-03,24.5,20.2,30.9,0.0,,108.0,9.6,,1013.2,,Salem,TN
2025-02-04,25.1,20.6,31.2,0.0,,108.0,9.2,,1013.2,,Salem,TN
2025-02-05,24.7,19.9,31.2,0.0,,94.0,10.4,,1012.4,,Salem,TN
2025-02-06,23.7,18.0,30.3,0.0,,97.0,12.4,,1012.4,,Salem,TN
2025-02-07,24.1,18.4,31.1,0.0,,100.0,10.4,,1013.5,,Salem,TN
2025-02-08,24.7,19.2,31.3,0.0,,94.0,10.9,,1013.5,,Salem,TN
2025-02-09,25.0,19.1,31.5,0.0,,91.0,12.5,,1013.0,,Salem,TN
2025-02-10,24.6,19.0,31.2,0.0,,92.0,10.8,,1013.9,,Salem,TN
2025-02-11,24.2,18.3,31.2,0.0,,98.0,9.9,,1014.6,,Salem,TN
2025-02-12,24.9,19.4,31.8,0.0,,108.0,10.0,,1014.0,,Salem,TN
2025-02-13,25.6,20.3,32.8,0.0,,100.0,9.1,,1013.5,,Salem,TN
2025-02-14,25.8,20.2,33.3,0.0,,87.0,8.6,,1013.2,,Salem,TN
2025-02-15,26.1,20.8,33.1,0.0,,84.0,9.2,,1012.2,,Salem,TN
2025-02-16,25.9,20.4,32.8,0.0,,100.0,11.0,,1012.8,,Salem,TN
2025-02-17,25.1,19.8,31.5,0.0,,101.0,11.3,,1014.5,,Salem,TN
2025-02-18,25.2,19.8,32.0,0.0,,98.0,9.9,,1014.3,,Salem,TN
2025-01-01,21.0,15.3,26.6,0.0,,77.0,10.1,,1015.5,,Bangalore,KK
2025-01-02,20.8,16.1,27.2,0.0,,80.0,9.9,,1015.3,,Bangalore,KK
2025-01-03,20.5,16.3,27.0,0.0,,77.0,10.1,,1015.6,,Bangalore,KK
2025-01-04,19.5,13.3,26.6,0.0,,90.0,8.7,,1014.6,,Bangalore,KK
2025-01-05,20.1,14.2,26.6,0.0,,97.0,8.2,,1014.9,,Bangalore,KK
2025-01-06,20.5,15.8,27.2,0.0,,104.0,7.6,,1014.5,,Bangalore,KK
2025-01-07,20.9,15.0,26.6,0.0,,78.0,7.1,,1014.0,,Bangalore,KK
2025-01-08,21.1,16.1,28.0,0.0,,74.0,9.3,,1014.0,,Bangalore,KK
2025-01-09,19.8,14.1,25.6,0.0,,92.0,12.0,,1015.1,,Bangalore,KK
2025-01-10,20.6,15.5,26.4,0.0,,102.0,11.6,,1016.1,,Bangalore,KK
2025-01-11,21.3,17.7,26.2,0.0,,94.0,10.6,,1015.8,,Bangalore,KK
2025-01-12,21.6,16.4,28.6,0.0,,86.0,10.4,,1015.6,,Bangalore,KK
2025-01-13,22.0,18.6,27.4,2.0,,76.0,11.0,,1014.1,,Bangalore,KK
2025-01-14,22.0,19.2,26.6,0.2,,91.0,12.2,,1015.2,,Bangalore,KK
2025-01-15,20.6,16.7,24.9,0.0,,85.0,12.4,,1016.4,,Bangalore,KK
2025-01-16,21.4,16.8,26.3,0.0,,92.0,11.9,,1015.9,,Bangalore,KK
2025-01-17,20.7,16.0,26.5,0.0,,85.0,11.2,,1014.9,,Bangalore,KK
2025-01-18,21.1,15.6,26.9,0.0,,83.0,10.9,,1014.1,,Bangalore,KK
2025-01-19,19.8,18.2,27.4,3.0,,59.0,10.8,,1014.6,,Bangalore,KK
2025-01-20,22.0,18.0,27.4,2.0,,58.0,7.9,,1013.8,,Bangalore,KK
2025-01-21,21.1,15.2,28.4,0.0,,63.0,8.1,,1013.2,,Bangalore,KK
2025-01-22,21.4,14.9,28.2,0.0,,83.0,8.5,,1012.9,,Bangalore,KK
2025-01-23,22.5,16.6,29.4,0.0,,93.0,9.5,,1013.0,,Bangalore,KK
2025-01-24,21.2,16.3,27.6,0.0,,97.0,8.8,,1013.0,,Bangalore,KK
2025-01-25,21.2,14.3,29.2,0.0,,84.0,9.2,,1013.6,,Bangalore,KK
2025-01-26,21.7,15.1,28.6,0.0,,92.0,13.5,,1013.4,,Bangalore,KK
2025-01-27,21.0,13.8,28.0,0.0,,88.0,10.1,,1012.9,,Bangalore,KK
2025-01-28,21.0,14.9,27.7,0.0,,98.0,10.1,,1013.4,,Bangalore,KK
2025-01-29,21.4,14.6,29.0,0.0,,88.0,12.5,,1014.5,,Bangalore,KK
2025-01-30,22.4,15.4,30.1,0.0,,109.0,8.4,,1013.2,,Bangalore,KK
2025-01-31,24.0,18.3,30.4,0.0,,110.0,9.9,,1012.4,,Bangalore,KK
2025-02-01,23.9,19.0,30.1,0.0,,95.0,10.9,,1013.3,,Bangalore,KK
2025-02-02,23.3,17.1,30.5,0.0,,89.0,10.1,,1013.7,,Bangalore,KK
2025-02-03,23.2,16.1,30.2,0.0,,100.0,10.6,,1013.8,,Bangalore,KK
2025-02-04,23.5,16.4,30.3,0.0,,95.0,11.5,,1014.0,,Bangalore,KK
2025-02-05,23.6,17.7,30.1,0.0,,97.0,13.0,,1013.3,,Bangalore,KK
2025-02-06,23.1,17.0,29.5,0.0,,98.0,12.9,,1013.1,,Bangalore,KK
2025-02-07,23.1,16.5,29.8,0.0,,99.0,12.1,,1014.5,,Bangalore,KK
2025-02-08,23.3,17.0,29.4,0.0,,97.0,12.9,,1014.4,,Bangalore,KK
2025-02-09,23.3,17.7,29.4,0.0,,97.0,12.9,,1014.0,,Bangalore,KK
2025-02-10,22.5,16.4,28.6,0.0,,94.0,11.5,,1015.2,,Bangalore,KK
2025-02-11,22.8,15.9,30.1,0.0,,93.0,10.2,,1015.3,,Bangalore,KK
2025-02-12,23.8,15.5,31.3,0.0,,87.0,11.2,,1014.7,,Bangalore,KK
2025-02-13,24.5,17.1,31.5,0.0,,91.0,11.1,,1014.2,,Bangalore,KK
2025-02-14,25.0,18.1,31.7,0.0,,100.0,9.7,,1013.8,,Bangalore,KK
2025-02-15,25.0,18.8,31.0,0.0,,91.0,9.8,,1013.0,,Bangalore,KK
2025-02-16,24.7,18.3,31.3,0.0,,96.0,10.9,,1013.6,,Bangalore,KK
2025-02-17,24.3,17.8,31.4,0.0,,99.0,11.8,,1014.9,,Bangalore,KK
2025-02-18,24.5,17.9,31.3,0.0,,106.0,11.0,,1014.8,,Bangalore,KK
2025-01-01,23.4,17.0,30.0,0.0,,29.0,4.6,,1016.3,,Hyderabad,AP
2025-01-02,21.4,14.0,29.2,0.0,,27.0,4.6,,1016.4,,Hyderabad,AP
2025-01-03,21.3,13.0,30.0,0.0,,,4.5,,1016.6,,Hyderabad,AP
2025-01-04,21.7,12.0,30.0,0.0,,61.0,5.6,,1015.3,,Hyderabad,AP
2025-01-05,22.2,14.0,29.0,0.0,,87.0,3.8,,1014.8,,Hyderabad,AP
2025-01-06,22.5,14.0,29.0,0.0,,142.0,4.6,,1014.5,,Hyderabad,AP
2025-01-07,22.4,14.0,29.6,0.0,,46.0,4.2,,1014.5,,Hyderabad,AP
2025-01-08,21.5,14.0,28.0,0.0,,,4.9,,1015.1,,Hyderabad,AP
2025-01-09,20.6,13.0,26.2,0.0,,82.0,5.2,,1016.1,,Hyderabad,AP
2025-01-10,21.9,17.7,27.0,0.0,,98.0,6.9,,1017.3,,Hyderabad,AP
2025-01-11,22.3,18.9,27.0,0.0,,111.0,7.2,,1016.7,,Hyderabad,AP
2025-01-12,22.3,18.0,27.0,0.0,,106.0,6.9,,1016.3,,Hyderabad,AP
2025-01-13,22.4,17.0,27.0,0.0,,114.0,6.2,,1015.3,,Hyderabad,AP
2025-01-14,22.7,17.0,27.6,0.0,,105.0,6.4,,1016.3,,Hyderabad,AP
2025-01-15,22.8,19.0,27.0,0.0,,123.0,6.4,,1017.2,,Hyderabad,AP
2025-01-16,23.1,19.5,28.0,0.0,,105.0,6.5,,1017.0,,Hyderabad,AP
2025-01-17,23.0,18.0,28.0,0.0,,99.0,6.6,,1016.1,,Hyderabad,AP
2025-01-18,22.5,18.8,27.4,0.0,,101.0,6.4,,1015.6,,Hyderabad,AP
2025-01-19,22.8,14.0,30.0,0.0,,58.0,4.4,,1015.7,,Hyderabad,AP
2025-01-20,22.7,14.0,31.4,0.0,,23.0,3.7,,1014.4,,Hyderabad,AP
2025-01-21,22.9,12.0,33.0,0.0,,82.0,4.3,,1013.6,,Hyderabad,AP
2025-01-22,23.0,13.0,31.2,0.0,,105.0,4.7,,1013.3,,Hyderabad,AP
2025-01-23,23.6,18.8,30.0,0.0,,103.0,6.8,,1013.6,,Hyderabad,AP
2025-01-24,23.6,18.0,30.4,0.0,,107.0,6.2,,1013.2,,Hyderabad,AP
2025-01-25,23.8,15.0,31.8,0.0,,113.0,4.9,,1014.0,,Hyderabad,AP
2025-01-26,23.9,14.0,31.0,0.0,,113.0,4.8,,1014.6,,Hyderabad,AP
2025-01-27,24.5,17.5,32.0,0.0,,79.0,4.6,,1013.3,,Hyderabad,AP
2025-01-28,24.4,15.0,31.0,0.0,,111.0,5.2,,1013.5,,Hyderabad,AP
2025-01-29,24.2,19.4,30.4,0.0,,122.0,5.6,,1014.9,,Hyderabad,AP
2025-01-30,24.9,19.0,31.0,0.0,,141.0,5.7,,1013.9,,Hyderabad,AP
2025-01-31,25.3,16.0,33.0,0.0,,114.0,4.6,,1013.3,,Hyderabad,AP
2025-02-01,25.9,17.0,33.0,0.0,,133.0,5.9,,1013.2,,Hyderabad,AP
2025-02-02,25.9,20.1,32.0,0.0,,115.0,6.1,,1014.4,,Hyderabad,AP
2025-02-03,25.8,17.0,33.0,0.0,,135.0,5.5,,1014.9,,Hyderabad,AP
2025-02-04,25.9,16.0,33.0,0.0,,126.0,5.7,,1015.1,,Hyderabad,AP
2025-02-05,27.1,17.0,34.0,0.0,,134.0,6.4,,1013.8,,Hyderabad,AP
2025-02-06,26.8,18.0,33.0,0.0,,132.0,7.3,,1013.9,,Hyderabad,AP
2025-02-07,26.5,18.0,32.0,0.0,,106.0,5.0,,1014.9,,Hyderabad,AP
2025-02-08,26.4,18.0,32.0,0.0,,93.0,5.1,,1014.6,,Hyderabad,AP
2025-02-09,26.3,19.0,33.0,0.0,,114.0,6.5,,1014.6,,Hyderabad,AP
2025-02-10,26.3,19.0,32.0,0.0,,133.0,6.2,,1015.1,,Hyderabad,AP
2025-02-11,26.9,21.4,33.0,0.0,,141.0,5.9,,1015.2,,Hyderabad,AP
2025-02-12,27.6,19.0,34.0,0.0,,163.0,5.2,,1015.2,,Hyderabad,AP
2025-02-13,27.0,20.8,34.0,0.0,,289.0,4.6,,1014.4,,Hyderabad,AP
2025-02-14,25.8,19.0,32.0,0.0,,351.0,4.1,,1015.1,,Hyderabad,AP
2025-02-15,25.9,17.0,33.0,0.0,,3.0,4.9,,1013.7,,Hyderabad,AP
2025-02-16,26.1,15.0,35.0,0.0,,106.0,3.8,,1014.2,,Hyderabad,AP
2025-02-17,26.8,17.0,34.0,0.0,,123.0,4.7,,1014.7,,Hyderabad,AP
2025-02-18,27.3,19.0,33.8,0.0,,153.0,2.2,,1012.2,,Hyderabad,AP
2025-01-01,20.9,16.0,27.0,0.0,,27.0,10.5,,1015.7,,Ahmedabad,GJ
2025-01-02,21.5,15.0,29.0,0.0,,33.0,9.8,,1015.4,,Ahmedabad,GJ
2025-01-03,21.6,16.0,30.6,0.0,,21.0,5.1,,1014.8,,Ahmedabad,GJ
2025-01-04,22.0,15.0,30.4,0.0,,1.0,4.5,,1013.4,,Ahmedabad,GJ
2025-01-05,21.5,16.6,28.4,0.0,,315.0,5.8,,1012.9,,Ahmedabad,GJ
2025-01-06,19.7,13.0,27.0,0.0,,337.0,7.8,,1014.7,,Ahmedabad,GJ
2025-01-07,18.6,14.0,24.6,0.0,,17.0,11.5,,1016.7,,Ahmedabad,GJ
2025-01-08,18.1,13.0,25.4,0.0,,40.0,10.5,,1015.2,,Ahmedabad,GJ
2025-01-09,19.6,12.0,27.0,0.0,,37.0,10.4,,1014.5,,Ahmedabad,GJ
2025-01-10,21.3,15.0,28.6,0.0,,35.0,7.8,,1014.5,,Ahmedabad,GJ
2025-01-11,22.0,17.0,29.0,0.0,,321.0,4.9,,1014.0,,Ahmedabad,GJ
2025-01-12,20.3,15.0,26.4,0.0,,12.0,9.7,,1016.7,,Ahmedabad,GJ
2025-01-13,17.7,13.0,23.2,0.0,,28.0,14.9,,1016.9,,Ahmedabad,GJ
2025-01-14,18.2,13.0,25.0,0.0,,19.0,14.3,,1015.5,,Ahmedabad,GJ
2025-01-15,20.1,16.0,25.8,0.3,,3.0,9.8,,1014.9,,Ahmedabad,GJ
2025-01-16,20.2,13.0,27.4,0.0,,358.0,10.4,,1017.2,,Ahmedabad,GJ
2025-01-17,18.1,13.0,23.2,0.0,,36.0,15.7,,1016.5,,Ahmedabad,GJ
2025-01-18,21.5,16.0,28.0,0.0,,50.0,11.2,,1014.0,,Ahmedabad,GJ
2025-01-19,23.3,18.0,31.2,0.0,,29.0,5.4,,1014.1,,Ahmedabad,GJ
2025-01-20,23.1,17.0,31.0,0.0,,5.0,5.2,,1013.4,,Ahmedabad,GJ
2025-01-21,23.0,17.0,30.2,0.0,,5.0,5.1,,1012.3,,Ahmedabad,GJ
2025-01-22,22.2,16.4,29.8,0.0,,328.0,5.0,,1012.1,,Ahmedabad,GJ
2025-01-23,21.6,15.8,28.4,0.0,,342.0,6.4,,1012.9,,Ahmedabad,GJ
2025-01-24,21.2,16.0,27.2,0.0,,24.0,13.7,,1013.7,,Ahmedabad,GJ
2025-01-25,21.1,15.0,27.0,0.0,,13.0,15.3,,1013.5,,Ahmedabad,GJ
2025-01-26,21.7,16.0,29.0,0.0,,14.0,11.3,,1012.5,,Ahmedabad,GJ
2025-01-27,21.8,14.0,29.0,0.0,,10.0,8.3,,1011.2,,Ahmedabad,GJ
2025-01-28,23.4,18.0,30.0,0.0,,28.0,7.9,,1010.5,,Ahmedabad,GJ
2025-01-29,23.1,17.9,30.0,0.0,,329.0,5.0,,1011.8,,Ahmedabad,GJ
2025-01-30,22.4,17.0,30.0,0.0,,281.0,7.0,,1011.0,,Ahmedabad,GJ
2025-01-31,22.4,15.0,28.0,0.0,,245.0,7.9,,1010.2,,Ahmedabad,GJ
2025-02-01,20.8,16.0,26.0,0.0,,281.0,9.2,,1012.3,,Ahmedabad,GJ
2025-02-02,20.9,14.0,27.0,0.0,,2.0,5.2,,1012.9,,Ahmedabad,GJ
2025-02-03,22.3,18.0,28.0,0.0,,334.0,6.0,,1011.9,,Ahmedabad,GJ
2025-02-04,21.8,17.0,27.0,0.0,,298.0,8.2,,1013.6,,Ahmedabad,GJ
2025-02-05,20.0,13.0,27.0,0.0,,8.0,9.7,,1014.2,,Ahmedabad,GJ
2025-02-06,20.8,15.0,28.0,0.0,,23.0,17.6,,1014.6,,Ahmedabad,GJ
2025-02-07,21.5,15.0,27.0,0.0,,27.0,17.3,,1015.0,,Ahmedabad,GJ
2025-02-08,22.3,16.0,30.0,0.0,,27.0,11.9,,1013.3,,Ahmedabad,GJ
2025-02-09,23.3,17.0,32.0,0.0,,351.0,6.4,,1012.2,,Ahmedabad,GJ
2025-02-10,23.1,15.0,31.0,0.0,,337.0,5.3,,1012.8,,Ahmedabad,GJ
2025-02-11,21.9,15.0,28.0,0.0,,282.0,7.3,,1013.5,,Ahmedabad,GJ
2025-02-12,23.7,17.0,30.0,0.0,,319.0,6.5,,1014.5,,Ahmedabad,GJ
2025-02-13,24.1,18.0,31.0,0.0,,11.0,7.9,,1014.8,,Ahmedabad,GJ
2025-02-14,24.6,17.0,33.0,0.0,,305.0,4.6,,1013.4,,Ahmedabad,GJ
2025-02-15,24.9,18.0,32.0,0.0,,227.0,7.1,,1011.3,,Ahmedabad,GJ
2025-02-16,25.4,20.0,31.0,0.0,,220.0,7.9,,1011.3,,Ahmedabad,GJ
2025-02-17,25.6,19.0,32.0,0.0,,269.0,6.0,,1012.7,,Ahmedabad,GJ
2025-02-18,26.1,21.8,32.8,0.0,,294.0,4.7,,1013.0,,Ahmedabad,GJ
2025-01-01,22.3,16.0,29.3,0.0,,63.0,6.5,,1015.2,,Pune,MH
2025-01-02,22.1,14.8,30.8,0.0,,57.0,6.6,,1015.2,,Pune,MH
2025-01-03,21.2,12.8,29.4,0.0,,67.0,7.6,,1015.4,,Pune,MH
2025-01-04,20.9,11.2,29.8,0.0,,64.0,6.3,,1014.0,,Pune,MH
2025-01-05,21.0,12.2,30.2,0.0,,319.0,3.2,,1013.4,,Pune,MH
2025-01-06,21.4,15.0,30.6,0.0,,294.0,4.4,,1013.0,,Pune,MH
2025-01-07,20.8,13.4,28.7,0.0,,44.0,5.5,,1013.8,,Pune,MH
2025-01-08,20.6,14.0,28.4,0.0,,64.0,6.6,,1013.9,,Pune,MH
2025-01-09,20.3,12.6,28.0,0.0,,70.0,7.9,,1014.3,,Pune,MH
2025-01-10,20.4,12.2,28.3,0.0,,348.0,4.7,,1015.3,,Pune,MH
2025-01-11,21.2,14.8,29.4,0.0,,292.0,4.8,,1014.7,,Pune,MH
2025-01-12,21.8,15.6,29.2,0.0,,311.0,4.0,,1014.4,,Pune,MH
2025-01-13,22.6,17.1,29.7,0.0,,73.0,7.0,,1013.7,,Pune,MH
2025-01-14,23.0,16.4,30.1,0.0,,65.0,6.3,,1013.8,,Pune,MH
2025-01-15,23.3,17.0,30.2,0.0,,140.0,7.0,,1014.6,,Pune,MH
2025-01-16,23.4,17.2,30.6,0.0,,6.0,4.5,,1014.6,,Pune,MH
2025-01-17,22.7,16.4,29.3,0.0,,66.0,7.8,,1014.2,,Pune,MH
2025-01-18,21.9,14.4,28.6,0.0,,82.0,8.8,,1014.0,,Pune,MH
2025-01-19,21.9,13.4,30.0,0.0,,59.0,6.7,,1014.5,,Pune,MH
2025-01-20,22.1,13.8,30.3,0.0,,43.0,5.8,,1013.8,,Pune,MH
2025-01-21,22.4,13.8,31.0,0.0,,1.0,3.9,,1012.4,,Pune,MH
2025-01-22,22.9,14.8,31.6,0.0,,352.0,3.8,,1012.0,,Pune,MH
2025-01-23,23.1,14.8,31.8,0.0,,46.0,3.8,,1011.7,,Pune,MH
2025-01-24,23.7,15.2,32.2,0.0,,36.0,4.4,,1011.3,,Pune,MH
2025-01-25,24.4,16.6,33.4,0.0,,38.0,4.1,,1012.2,,Pune,MH
2025-01-26,24.6,17.0,32.6,0.0,,63.0,7.3,,1012.5,,Pune,MH
2025-01-27,24.7,17.5,32.7,0.0,,269.0,5.2,,1011.5,,Pune,MH
2025-01-28,24.8,18.1,33.2,0.0,,251.0,5.7,,1011.4,,Pune,MH
2025-01-29,25.0,18.3,33.5,0.0,,268.0,5.6,,1012.9,,Pune,MH
2025-01-30,24.9,18.9,33.1,0.0,,227.0,6.8,,1012.0,,Pune,MH
2025-01-31,24.2,17.8,32.6,0.0,,251.0,6.9,,1011.3,,Pune,MH
2025-02-01,23.7,16.5,32.9,0.0,,255.0,6.9,,1012.2,,Pune,MH
2025-02-02,24.4,17.5,32.7,0.0,,331.0,6.2,,1012.6,,Pune,MH
2025-02-03,24.9,18.8,33.6,0.0,,211.0,7.5,,1012.8,,Pune,MH
2025-02-04,24.4,17.5,33.0,0.0,,256.0,7.4,,1013.4,,Pune,MH
2025-02-05,24.3,17.3,32.1,0.0,,178.0,7.8,,1012.6,,Pune,MH
2025-02-06,24.7,17.9,32.7,0.0,,66.0,7.7,,1012.2,,Pune,MH
2025-02-07,25.1,18.6,33.0,0.0,,167.0,7.0,,1013.5,,Pune,MH
2025-02-08,25.5,18.8,33.4,0.0,,306.0,7.5,,1013.4,,Pune,MH
2025-02-09,26.1,19.3,33.4,0.0,,309.0,6.6,,1012.7,,Pune,MH
2025-02-10,26.3,20.7,33.3,0.0,,266.0,7.6,,1013.6,,Pune,MH
2025-02-11,25.9,19.7,33.5,0.0,,270.0,7.1,,1014.2,,Pune,MH
2025-02-12,25.6,18.0,34.0,0.0,,276.0,6.1,,1014.2,,Pune,MH
2025-02-13,25.1,17.3,33.7,0.0,,54.0,6.9,,1014.3,,Pune,MH
2025-02-14,25.3,18.5,32.8,0.0,,78.0,7.1,,1014.1,,Pune,MH
2025-02-15,26.0,18.8,33.8,0.0,,25.0,7.2,,1013.1,,Pune,MH
2025-02-16,26.0,19.0,33.4,0.0,,269.0,7.1,,1013.1,,Pune,MH
2025-02-17,26.0,18.5,34.7,0.0,,260.0,6.2,,1013.7,,Pune,MH
2025-02-18,26.4,19.5,34.2,0.0,,322.0,7.6,,1013.6,,Pune,MH
2025-01-01,11.4,7.0,18.0,0.0,,259.0,5.5,,1019.6,,Jaipur,RJ
2025-01-02,15.3,8.0,25.4,0.0,,301.0,4.8,,1018.8,,Jaipur,RJ
2025-01-03,16.6,8.8,26.8,0.0,,70.0,3.2,,1018.4,,Jaipur,RJ
2025-01-04,17.8,8.0,26.8,0.0,,90.0,4.8,,1016.1,,Jaipur,RJ
2025-01-05,13.9,11.0,27.0,0.0,,84.0,11.3,,1015.3,,Jaipur,RJ
2025-01-06,14.3,10.0,20.4,0.0,,71.0,5.4,,1016.9,,Jaipur,RJ
2025-01-07,12.6,7.0,21.9,0.0,,314.0,6.4,,1018.8,,Jaipur,RJ
2025-01-08,14.2,7.0,22.0,0.0,,271.0,5.1,,1017.1,,Jaipur,RJ
2025-01-09,15.5,7.4,23.0,0.0,,77.0,6.8,,1018.4,,Jaipur,RJ
2025-01-10,14.9,10.0,23.0,0.0,,96.0,15.1,,1019.2,,Jaipur,RJ
2025-01-11,11.4,8.4,22.4,15.7,,78.0,16.6,,1017.8,,Jaipur,RJ
2025-01-12,11.9,10.0,15.6,0.0,,21.0,6.5,,1019.9,,Jaipur,RJ
2025-01-13,13.5,8.0,19.0,0.0,,355.0,4.7,,1019.8,,Jaipur,RJ
2025-01-14,14.3,7.4,20.0,0.0,,54.0,6.8,,1019.4,,Jaipur,RJ
2025-01-15,12.4,10.3,21.2,3.2,,68.0,13.8,,1020.0,,Jaipur,RJ
2025-01-16,13.5,11.0,18.0,0.0,,69.0,8.7,,1020.9,,Jaipur,RJ
2025-01-17,12.4,7.8,19.2,0.0,,24.0,6.4,,1021.4,,Jaipur,RJ
2025-01-18,13.3,9.0,18.8,0.0,,101.0,8.5,,1018.7,,Jaipur,RJ
2025-01-19,17.8,12.0,25.0,0.0,,131.0,7.0,,1017.4,,Jaipur,RJ
2025-01-20,19.5,14.0,26.0,0.0,,10.0,5.2,,1016.1,,Jaipur,RJ
2025-01-21,19.5,13.7,26.8,0.0,,350.0,5.2,,1014.9,,Jaipur,RJ
2025-01-22,18.9,13.0,26.4,0.4,,83.0,8.7,,1014.2,,Jaipur,RJ
2025-01-23,18.3,16.0,24.5,0.4,,25.0,13.1,,1015.8,,Jaipur,RJ
2025-01-24,17.4,11.0,23.0,0.0,,339.0,8.0,,1017.2,,Jaipur,RJ
2025-01-25,16.7,11.0,24.0,0.0,,316.0,7.5,,1016.7,,Jaipur,RJ
2025-01-26,16.1,8.0,24.0,0.0,,260.0,4.5,,1015.9,,Jaipur,RJ
2025-01-27,16.8,9.0,26.2,0.0,,235.0,4.7,,1014.5,,Jaipur,RJ
2025-01-28,17.6,9.2,25.9,0.0,,141.0,5.6,,1013.9,,Jaipur,RJ
2025-01-29,18.7,12.0,26.1,0.0,,101.0,10.2,,1014.3,,Jaipur,RJ
2025-01-30,19.6,12.0,27.0,0.0,,233.0,9.7,,1011.8,,Jaipur,RJ
2025-01-31,19.3,12.0,28.0,0.0,,123.0,5.9,,1011.7,,Jaipur,RJ
2025-02-01,19.4,13.8,27.2,0.0,,78.0,7.9,,1013.1,,Jaipur,RJ
2025-02-02,19.3,16.0,26.0,0.0,,37.0,9.0,,1015.9,,Jaipur,RJ
2025-02-03,19.5,12.4,25.0,0.0,,90.0,10.6,,1015.0,,Jaipur,RJ
2025-02-04,19.2,17.4,25.1,0.0,,74.0,11.2,,1014.9,,Jaipur,RJ
2025-02-05,17.7,12.0,24.4,0.0,,351.0,7.5,,1016.7,,Jaipur,RJ
2025-02-06,17.3,10.0,24.9,0.0,,10.0,6.1,,1018.8,,Jaipur,RJ
2025-02-07,17.4,11.0,24.2,0.0,,333.0,7.3,,1018.6,,Jaipur,RJ
2025-02-08,18.4,10.0,26.0,0.0,,195.0,6.3,,1016.8,,Jaipur,RJ
2025-02-09,18.9,11.0,26.0,0.0,,129.0,5.2,,1015.4,,Jaipur,RJ
2025-02-10,19.9,13.0,28.0,0.0,,82.0,5.1,,1015.2,,Jaipur,RJ
2025-02-11,21.1,13.0,29.0,0.0,,253.0,7.0,,1014.4,,Jaipur,RJ
2025-02-12,21.5,16.0,26.0,0.0,,338.0,9.4,,1015.9,,Jaipur,RJ
2025-02-13,20.0,13.0,26.0,0.0,,324.0,7.3,,1017.1,,Jaipur,RJ
2025-02-14,20.8,13.0,28.0,0.0,,296.0,7.1,,1014.9,,Jaipur,RJ
2025-02-15,22.4,16.0,30.0,0.0,,281.0,8.8,,1011.5,,Jaipur,RJ
2025-02-16,22.3,16.0,27.0,0.0,,96.0,9.5,,1013.2,,Jaipur,RJ
2025-02-17,22.5,18.0,28.0,0.0,,94.0,11.4,,1015.7,,Jaipur,RJ
2025-02-18,21.8,17.0,26.0,3.8,,104.0,8.7,,1014.6,,Jaipur,RJ
2025-01-01,11.1,7.8,16.8,0.0,,311.0,12.4,,1017.9,,Chandigarh,HR
2025-01-02,13.0,8.8,19.1,0.0,,307.0,10.9,,1017.0,,Chandigarh,HR
2025-01-03,14.1,10.4,21.0,0.0,,319.0,7.0,,1017.3,,Chandigarh,HR
2025-01-04,14.0,8.6,21.2,0.0,,96.0,5.6,,1015.2,,Chandigarh,HR
2025-01-05,13.2,9.0,19.4,0.0,,128.0,10.5,,1015.9,,Chandigarh,HR
2025-01-06,13.5,10.0,20.0,0.0,,340.0,9.0,,1017.0,,Chandigarh,HR
2025-01-07,12.8,9.8,17.8,0.0,,323.0,13.8,,1016.4,,Chandigarh,HR
2025-01-08,12.3,8.1,18.0,0.0,,322.0,14.3,,1014.5,,Chandigarh,HR
2025-01-09,10.5,6.0,16.8,0.0,,57.0,5.6,,1018.2,,Chandigarh,HR
2025-01-10,10.1,5.6,16.0,0.0,,93.0,4.5,,1020.0,,Chandigarh,HR
2025-01-11,12.0,7.7,17.4,1.9,,106.0,9.9,,1018.8,,Chandigarh,HR
2025-01-12,12.9,7.3,18.9,18.0,,86.0,10.9,,1019.6,,Chandigarh,HR
2025-01-13,14.2,8.3,22.6,5.1,,344.0,10.9,,1018.1,,Chandigarh,HR
2025-01-14,14.1,7.0,22.6,0.0,,6.0,6.5,,1018.5,,Chandigarh,HR
2025-01-15,11.0,6.0,17.7,0.0,,88.0,5.7,,1020.2,,Chandigarh,HR
2025-01-16,12.3,7.2,21.7,0.8,,93.0,8.7,,1021.2,,Chandigarh,HR
2025-01-17,11.0,6.5,17.8,0.0,,339.0,10.5,,1019.8,,Chandigarh,HR
2025-01-18,12.0,7.8,17.5,0.0,,340.0,5.5,,1018.0,,Chandigarh,HR
2025-01-19,15.7,9.1,22.1,0.0,,352.0,8.2,,1016.9,,Chandigarh,HR
2025-01-20,16.2,13.0,20.9,0.0,,322.0,11.7,,1014.7,,Chandigarh,HR
2025-01-21,14.8,10.0,21.6,0.0,,333.0,10.3,,1013.5,,Chandigarh,HR
2025-01-22,14.0,8.0,21.7,0.0,,341.0,7.5,,1013.4,,Chandigarh,HR
2025-01-23,13.9,8.5,20.8,0.0,,340.0,11.0,,1014.9,,Chandigarh,HR
2025-01-24,14.2,8.8,21.0,0.0,,332.0,13.3,,1014.6,,Chandigarh,HR
2025-01-25,14.6,11.5,20.4,0.0,,318.0,13.1,,1013.9,,Chandigarh,HR
2025-01-26,13.9,8.8,21.2,0.0,,326.0,11.2,,1013.6,,Chandigarh,HR
2025-01-27,13.4,7.8,21.2,0.0,,328.0,10.6,,1012.7,,Chandigarh,HR
2025-01-28,14.0,9.2,21.8,0.0,,314.0,8.3,,1012.2,,Chandigarh,HR
2025-01-29,14.4,8.3,21.0,0.0,,108.0,11.8,,1014.8,,Chandigarh,HR
2025-01-30,14.5,7.0,22.0,0.0,,51.0,6.2,,1011.7,,Chandigarh,HR
2025-01-31,14.8,8.6,22.4,0.0,,88.0,10.0,,1011.2,,Chandigarh,HR
2025-02-01,16.3,11.4,22.8,0.0,,30.0,10.2,,1013.6,,Chandigarh,HR
2025-02-02,15.3,9.3,22.2,0.0,,336.0,9.9,,1015.4,,Chandigarh,HR
2025-02-03,13.5,8.2,20.9,0.0,,342.0,6.9,,1014.6,,Chandigarh,HR
2025-02-04,15.7,9.9,22.1,0.0,,51.0,10.8,,1015.0,,Chandigarh,HR
2025-02-05,14.9,9.7,22.1,4.1,,338.0,9.7,,1015.7,,Chandigarh,HR
2025-02-06,14.2,8.6,21.9,0.0,,333.0,16.7,,1016.9,,Chandigarh,HR
2025-02-07,14.5,10.4,20.5,0.0,,322.0,18.1,,1015.6,,Chandigarh,HR
2025-02-08,16.0,12.2,22.7,0.0,,322.0,15.6,,1014.5,,Chandigarh,HR
2025-02-09,16.7,10.2,24.9,0.0,,334.0,10.2,,1014.0,,Chandigarh,HR
2025-02-10,15.9,9.2,23.9,0.0,,356.0,7.5,,1013.8,,Chandigarh,HR
2025-02-11,16.5,9.4,25.0,0.0,,356.0,10.8,,1013.3,,Chandigarh,HR
2025-02-12,16.9,11.2,23.1,0.0,,340.0,14.9,,1014.1,,Chandigarh,HR
2025-02-13,16.5,11.8,22.6,0.0,,321.0,18.8,,1014.1,,Chandigarh,HR
2025-02-14,17.4,12.6,24.2,0.0,,322.0,17.0,,1011.9,,Chandigarh,HR
2025-02-15,16.3,11.8,22.0,1.2,,25.0,9.2,,1010.6,,Chandigarh,HR
2025-02-16,15.9,9.5,22.8,0.0,,11.0,7.4,,1012.6,,Chandigarh,HR
2025-02-17,16.6,8.7,25.4,0.0,,354.0,8.6,,1014.9,,Chandigarh,HR
2025-02-18,17.9,10.5,25.8,0.0,,349.0,10.8,,1013.8,,Chandigarh,HR
2025-01-01,7.0,0.7,15.0,0.0,,31.0,6.0,,1017.4,,Shimla,HP
2025-01-02,8.4,2.3,16.2,0.0,,37.0,6.5,,1017.8,,Shimla,HP
2025-01-03,10.2,4.7,21.0,0.0,,54.0,5.3,,1018.4,,Shimla,HP
2025-01-04,10.1,4.2,21.8,0.0,,86.0,6.1,,1016.9,,Shimla,HP
2025-01-05,7.2,0.5,14.9,0.0,,115.0,7.0,,1016.3,,Shimla,HP
2025-01-06,2.1,-3.6,12.6,4.0,,77.0,5.9,,1017.7,,Shimla,HP
2025-01-07,9.7,4.2,14.0,2.0,,39.0,6.0,,1016.7,,Shimla,HP
2025-01-08,4.1,-0.8,12.8,0.0,,28.0,6.1,,1014.4,,Shimla,HP
2025-01-09,4.0,-1.2,13.6,0.0,,37.0,5.1,,1017.4,,Shimla,HP
2025-01-10,4.8,-1.0,14.0,0.0,,65.0,5.1,,1018.5,,Shimla,HP
2025-01-11,4.0,0.2,10.3,2.4,,102.0,5.2,,1018.4,,Shimla,HP
2025-01-12,0.9,-3.1,5.6,5.1,,84.0,5.2,,1020.7,,Shimla,HP
2025-01-13,9.1,2.4,14.5,0.0,,52.0,5.8,,1019.2,,Shimla,HP
2025-01-14,3.7,-1.8,13.0,0.0,,83.0,5.7,,1018.8,,Shimla,HP
2025-01-15,3.9,-1.8,13.0,0.0,,106.0,4.7,,1020.2,,Shimla,HP
2025-01-16,5.7,1.6,15.3,2.0,,91.0,6.2,,1021.6,,Shimla,HP
2025-01-17,10.4,2.8,16.4,1.0,,55.0,6.2,,1020.5,,Shimla,HP
2025-01-18,12.3,6.5,16.4,0.0,,91.0,4.9,,1018.3,,Shimla,HP
2025-01-19,6.9,-0.5,15.0,0.0,,74.0,4.4,,1018.2,,Shimla,HP
2025-01-20,7.9,3.4,15.0,0.0,,75.0,4.6,,1016.0,,Shimla,HP
2025-01-21,6.5,1.4,13.6,0.0,,92.0,5.7,,1015.1,,Shimla,HP
2025-01-22,5.2,-1.3,17.0,0.0,,100.0,6.1,,1014.9,,Shimla,HP
2025-01-23,3.2,-0.8,11.2,1.1,,89.0,6.8,,1016.6,,Shimla,HP
2025-01-24,3.7,-2.2,11.5,0.0,,37.0,8.4,,1016.1,,Shimla,HP
2025-01-25,4.8,0.0,13.0,0.0,,27.0,8.3,,1014.9,,Shimla,HP
2025-01-26,6.2,0.8,15.7,0.0,,30.0,7.1,,1013.9,,Shimla,HP
2025-01-27,6.0,1.3,14.1,0.0,,22.0,7.9,,1013.0,,Shimla,HP
2025-01-28,6.4,1.2,14.8,0.0,,38.0,6.9,,1012.5,,Shimla,HP
2025-01-29,5.1,0.5,12.7,0.0,,132.0,6.7,,1015.8,,Shimla,HP
2025-01-30,4.7,0.1,12.4,0.1,,123.0,7.0,,1013.2,,Shimla,HP
2025-01-31,3.7,-2.8,11.5,0.0,,131.0,9.5,,1012.9,,Shimla,HP
2025-02-01,3.0,-3.8,10.6,0.6,,122.0,8.4,,1015.9,,Shimla,HP
2025-02-02,4.1,-1.8,12.0,0.0,,93.0,7.5,,1016.8,,Shimla,HP
2025-02-03,5.7,-0.8,15.6,0.0,,123.0,7.7,,1014.7,,Shimla,HP
2025-02-04,5.4,-0.4,13.0,0.8,,131.0,8.6,,1015.9,,Shimla,HP
2025-02-05,6.8,3.3,17.6,16.0,,115.0,8.2,,1016.8,,Shimla,HP
2025-02-06,8.3,1.0,8.7,0.0,,33.0,8.6,,1018.1,,Shimla,HP
2025-02-07,3.8,-2.4,13.3,0.0,,28.0,8.3,,1016.4,,Shimla,HP
2025-02-08,5.5,0.4,12.4,0.0,,29.0,8.0,,1016.1,,Shimla,HP
2025-02-09,6.0,0.0,14.3,0.0,,54.0,7.5,,1016.1,,Shimla,HP
2025-02-10,5.5,-0.8,13.4,0.0,,77.0,8.2,,1016.1,,Shimla,HP
2025-02-11,4.9,-1.2,12.1,1.1,,38.0,8.5,,1016.1,,Shimla,HP
2025-02-12,4.3,-1.2,11.4,0.0,,12.0,9.9,,1016.3,,Shimla,HP
2025-02-13,3.6,-1.3,10.7,0.0,,8.0,11.3,,1016.0,,Shimla,HP
2025-02-14,5.4,-0.1,12.4,0.0,,18.0,10.4,,1013.9,,Shimla,HP
2025-02-15,4.4,1.2,10.5,4.2,,58.0,8.1,,1012.7,,Shimla,HP
2025-02-16,5.6,0.3,13.4,0.0,,39.0,7.4,,1014.6,,Shimla,HP
2025-02-17,5.6,-1.5,13.6,0.1,,43.0,8.3,,1017.5,,Shimla,HP
2025-02-18,6.5,0.6,14.0,0.0,,16.0,8.8,,1016.5,,Shimla,HP
2025-01-01,14.2,9.2,21.5,0.0,,41.0,6.7,,1018.2,,Bhopal,MP
2025-01-02,15.0,7.6,23.2,0.0,,49.0,6.2,,1018.2,,Bhopal,MP
2025-01-03,16.7,9.4,26.0,0.0,,73.0,6.0,,1017.5,,Bhopal,MP
2025-01-04,17.2,8.6,28.0,0.0,,95.0,6.7,,1015.5,,Bhopal,MP
2025-01-05,17.5,11.4,26.6,0.0,,112.0,7.2,,1014.3,,Bhopal,MP
2025-01-06,17.9,12.0,25.1,0.0,,273.0,8.6,,1014.3,,Bhopal,MP
2025-01-07,14.6,10.0,20.8,0.0,,359.0,10.0,,1017.6,,Bhopal,MP
2025-01-08,12.5,5.0,21.0,0.0,,3.0,5.4,,1017.2,,Bhopal,MP
2025-01-09,14.7,6.2,23.6,0.0,,80.0,7.8,,1017.4,,Bhopal,MP
2025-01-10,16.4,9.4,25.2,0.0,,97.0,8.2,,1017.9,,Bhopal,MP
2025-01-11,18.2,10.0,26.4,0.0,,133.0,9.5,,1016.0,,Bhopal,MP
2025-01-12,17.7,12.0,23.7,0.2,,329.0,8.4,,1017.0,,Bhopal,MP
2025-01-13,13.5,9.4,19.7,0.0,,28.0,8.4,,1018.4,,Bhopal,MP
2025-01-14,14.7,6.2,21.8,0.0,,64.0,8.9,,1018.0,,Bhopal,MP
2025-01-15,18.3,12.4,24.7,0.0,,98.0,10.4,,1017.2,,Bhopal,MP
2025-01-16,18.4,13.8,23.3,0.7,,46.0,9.7,,1017.7,,Bhopal,MP
2025-01-17,15.4,11.4,21.7,0.4,,42.0,10.9,,1019.1,,Bhopal,MP
2025-01-18,17.2,11.6,24.2,0.0,,76.0,8.7,,1017.3,,Bhopal,MP
2025-01-19,18.2,11.0,26.2,0.0,,87.0,7.1,,1016.8,,Bhopal,MP
2025-01-20,18.6,11.4,26.6,0.0,,73.0,6.6,,1015.5,,Bhopal,MP
2025-01-21,18.9,12.0,26.0,0.0,,73.0,6.3,,1014.0,,Bhopal,MP
2025-01-22,19.5,12.8,27.0,0.0,,105.0,6.5,,1013.1,,Bhopal,MP
2025-01-23,20.5,13.0,28.2,0.0,,261.0,8.4,,1013.0,,Bhopal,MP
2025-01-24,18.0,13.8,24.2,0.0,,34.0,11.7,,1015.1,,Bhopal,MP
2025-01-25,17.4,11.0,24.9,0.0,,47.0,7.9,,1015.7,,Bhopal,MP
2025-01-26,17.7,11.0,25.4,0.0,,24.0,6.6,,1014.8,,Bhopal,MP
2025-01-27,17.4,10.0,25.7,0.0,,37.0,6.7,,1013.4,,Bhopal,MP
2025-01-28,18.0,10.8,26.1,0.0,,71.0,7.7,,1013.2,,Bhopal,MP
2025-01-29,20.5,11.0,28.6,0.0,,139.0,7.2,,1013.6,,Bhopal,MP
2025-01-30,20.6,14.6,27.9,0.0,,249.0,9.4,,1011.7,,Bhopal,MP
2025-01-31,19.8,13.1,27.3,0.0,,246.0,8.2,,1011.4,,Bhopal,MP
2025-02-01,19.9,13.5,27.1,0.0,,273.0,8.2,,1012.8,,Bhopal,MP
2025-02-02,20.3,13.9,27.2,0.0,,42.0,6.9,,1014.3,,Bhopal,MP
2025-02-03,22.7,15.0,30.7,0.0,,138.0,9.1,,1013.2,,Bhopal,MP
2025-02-04,23.3,16.0,30.3,0.0,,220.0,8.2,,1013.4,,Bhopal,MP
2025-02-05,20.3,14.0,26.8,0.0,,330.0,11.5,,1014.6,,Bhopal,MP
2025-02-06,17.5,13.0,23.1,0.0,,44.0,13.6,,1016.9,,Bhopal,MP
2025-02-07,17.5,12.0,24.5,0.0,,47.0,10.5,,1017.6,,Bhopal,MP
2025-02-08,18.8,12.2,27.0,0.0,,53.0,8.4,,1016.2,,Bhopal,MP
2025-02-09,21.5,14.3,29.7,0.0,,111.0,7.4,,1014.3,,Bhopal,MP
2025-02-10,22.6,15.0,30.7,0.0,,255.0,9.9,,1013.9,,Bhopal,MP
2025-02-11,22.2,15.6,30.0,0.0,,237.0,7.8,,1014.0,,Bhopal,MP
2025-02-12,21.1,14.0,28.8,0.0,,311.0,10.8,,1015.1,,Bhopal,MP
2025-02-13,19.7,12.0,26.9,0.0,,5.0,8.4,,1016.4,,Bhopal,MP
2025-02-14,20.7,12.0,28.8,0.0,,308.0,6.6,,1015.0,,Bhopal,MP
2025-02-15,22.8,16.2,31.3,0.0,,236.0,11.2,,1012.5,,Bhopal,MP
2025-02-16,22.8,15.0,30.4,0.0,,262.0,10.2,,1012.5,,Bhopal,MP
2025-02-17,23.6,17.0,30.6,0.0,,237.0,8.6,,1014.1,,Bhopal,MP
2025-02-18,23.9,17.2,30.9,0.0,,145.0,9.4,,1013.1,,Bhopal,MP
2025-01-01,17.3,12.0,23.8,0.0,,47.0,7.1,,1018.3,,Indore,MP
2025-01-02,17.9,9.0,27.0,0.0,,40.0,4.9,,1018.2,,Indore,MP
2025-01-03,19.7,11.0,29.0,0.0,,37.0,3.6,,1017.9,,Indore,MP
2025-01-04,20.4,12.0,30.4,0.0,,81.0,5.2,,1016.0,,Indore,MP
2025-01-05,20.3,12.0,29.0,0.0,,13.0,4.7,,1014.7,,Indore,MP
2025-01-06,17.5,13.0,24.0,0.0,,348.0,4.7,,1015.3,,Indore,MP
2025-01-07,14.7,10.0,21.4,0.0,,30.0,9.4,,1018.2,,Indore,MP
2025-01-08,14.7,6.0,23.4,0.0,,13.0,3.3,,1017.2,,Indore,MP
2025-01-09,17.2,8.0,26.0,0.0,,83.0,8.3,,1017.1,,Indore,MP
2025-01-10,18.0,10.0,26.2,0.0,,82.0,6.1,,1017.7,,Indore,MP
2025-01-11,19.8,14.0,26.0,0.0,,111.0,6.8,,1016.3,,Indore,MP
2025-01-12,17.0,11.8,22.0,0.0,,20.0,9.0,,1018.2,,Indore,MP
2025-01-13,12.6,8.0,19.0,0.0,,40.0,9.8,,1018.7,,Indore,MP
2025-01-14,16.1,8.0,23.0,0.0,,75.0,10.3,,1017.6,,Indore,MP
2025-01-15,20.4,15.0,26.6,0.2,,117.0,9.9,,1016.9,,Indore,MP
2025-01-16,18.4,14.0,22.0,1.4,,19.0,8.2,,1018.3,,Indore,MP
2025-01-17,15.6,13.0,21.0,0.0,,48.0,12.6,,1019.0,,Indore,MP
2025-01-18,19.4,12.0,27.2,0.0,,105.0,9.1,,1017.0,,Indore,MP
2025-01-19,21.0,15.0,28.6,0.0,,49.0,5.7,,1017.2,,Indore,MP
2025-01-20,20.1,14.0,27.0,0.0,,30.0,5.0,,1016.1,,Indore,MP
2025-01-21,19.7,13.0,27.2,0.0,,15.0,3.5,,1014.7,,Indore,MP
2025-01-22,20.6,13.0,28.4,0.0,,352.0,2.8,,1014.0,,Indore,MP
2025-01-23,19.9,13.0,26.6,0.0,,339.0,6.3,,1014.5,,Indore,MP
2025-01-24,17.8,13.0,23.0,0.0,,40.0,13.8,,1015.7,,Indore,MP
2025-01-25,18.3,11.0,27.0,0.0,,61.0,9.4,,1016.7,,Indore,MP
2025-01-26,19.2,12.0,27.0,0.0,,60.0,9.6,,1015.8,,Indore,MP
2025-01-27,19.6,13.0,27.0,0.0,,42.0,7.0,,1014.3,,Indore,MP
2025-01-28,20.1,12.0,28.0,0.0,,59.0,7.0,,1014.4,,Indore,MP
2025-01-29,22.1,15.0,30.0,0.0,,217.0,8.8,,1015.2,,Indore,MP
2025-01-30,20.6,14.0,28.0,0.0,,273.0,7.8,,1013.9,,Indore,MP
2025-01-31,20.6,14.0,28.0,0.0,,259.0,7.9,,1013.3,,Indore,MP
2025-02-01,19.3,12.0,26.0,0.0,,292.0,7.6,,1014.7,,Indore,MP
2025-02-02,20.3,13.0,28.0,0.0,,17.0,7.1,,1015.9,,Indore,MP
2025-02-03,23.7,18.0,31.0,0.0,,196.0,9.4,,1014.9,,Indore,MP
2025-02-04,22.2,16.0,29.0,0.0,,301.0,7.3,,1015.5,,Indore,MP
2025-02-05,18.5,13.0,25.0,0.0,,7.0,12.0,,1016.6,,Indore,MP
2025-02-06,17.9,13.0,23.0,0.0,,56.0,16.8,,1017.6,,Indore,MP
2025-02-07,18.1,12.0,24.0,0.0,,53.0,11.8,,1018.5,,Indore,MP
2025-02-08,20.1,12.0,29.0,0.0,,74.0,9.2,,1017.2,,Indore,MP
2025-02-09,22.8,15.0,30.0,0.0,,162.0,7.5,,1015.8,,Indore,MP
2025-02-10,22.9,16.0,29.0,0.0,,297.0,7.6,,1016.3,,Indore,MP
2025-02-11,21.5,14.0,29.0,0.0,,270.0,7.9,,1016.1,,Indore,MP
2025-02-12,20.5,12.0,28.0,0.0,,321.0,7.5,,1017.2,,Indore,MP
2025-02-13,20.1,11.0,27.0,0.0,,28.0,7.8,,1018.0,,Indore,MP
2025-02-14,21.1,12.0,28.0,0.0,,199.0,6.4,,1017.0,,Indore,MP
2025-02-15,22.7,16.0,30.0,0.0,,252.0,9.2,,1014.7,,Indore,MP
2025-02-16,22.8,14.0,30.0,0.0,,275.0,8.4,,1015.0,,Indore,MP
2025-02-17,22.4,15.0,29.0,0.0,,284.0,7.8,,1016.4,,Indore,MP
2025-02-18,23.9,15.0,31.2,0.0,,287.0,10.7,,1014.1,,Indore,MP
2025-01-01,13.6,11.0,16.0,0.0,,292.0,7.7,,1017.9,,Patna,BR
2025-01-02,13.4,11.0,16.0,0.0,,291.0,5.6,,1017.5,,Patna,BR
2025-01-03,13.5,9.0,19.0,0.0,,301.0,4.1,,1017.2,,Patna,BR
2025-01-04,12.6,11.0,15.0,0.0,,303.0,5.5,,1016.5,,Patna,BR
2025-01-05,13.1,10.2,16.4,0.0,,335.0,2.5,,1016.7,,Patna,BR
2025-01-06,16.4,12.4,23.0,0.0,,344.0,1.4,,1014.5,,Patna,BR
2025-01-07,15.9,14.0,18.0,0.0,,279.0,9.8,,1014.7,,Patna,BR
2025-01-08,14.7,11.0,17.0,0.0,,285.0,9.4,,1016.1,,Patna,BR
2025-01-09,13.7,9.0,18.6,0.0,,340.0,2.2,,1018.0,,Patna,BR
2025-01-10,14.2,9.0,20.0,0.0,,347.0,1.6,,1019.6,,Patna,BR
2025-01-11,15.9,10.0,22.4,0.0,,12.0,1.4,,1018.7,,Patna,BR
2025-01-12,19.0,13.0,24.0,0.3,,23.0,2.9,,1017.2,,Patna,BR
2025-01-13,18.5,15.2,23.0,1.0,,290.0,7.1,,1016.1,,Patna,BR
2025-01-14,15.1,13.2,17.0,0.0,,297.0,6.7,,1019.2,,Patna,BR
2025-01-15,14.4,13.0,17.0,0.0,,299.0,4.5,,1020.6,,Patna,BR
2025-01-16,15.1,12.6,18.0,0.0,,291.0,4.1,,1019.6,,Patna,BR
2025-01-17,16.5,13.0,21.0,0.0,,274.0,6.3,,1018.0,,Patna,BR
2025-01-18,17.3,13.0,24.0,0.0,,289.0,5.9,,1016.7,,Patna,BR
2025-01-19,16.0,11.0,22.0,0.0,,282.0,7.3,,1015.4,,Patna,BR
2025-01-20,16.5,12.0,23.0,0.0,,301.0,7.3,,1013.0,,Patna,BR
2025-01-21,14.9,12.0,19.0,0.0,,333.0,4.0,,1012.3,,Patna,BR
2025-01-22,15.9,14.2,19.0,0.0,,320.0,5.2,,1013.4,,Patna,BR
2025-01-23,17.2,14.2,21.0,0.0,,320.0,5.2,,1013.9,,Patna,BR
2025-01-24,17.4,13.0,23.0,0.0,,319.0,3.8,,1013.1,,Patna,BR
2025-01-25,17.8,13.0,23.0,0.0,,281.0,8.4,,1013.8,,Patna,BR
2025-01-26,17.1,11.0,24.0,0.0,,264.0,6.7,,1013.9,,Patna,BR
2025-01-27,16.8,12.0,22.0,0.0,,273.0,7.8,,1011.8,,Patna,BR
2025-01-28,16.9,12.0,23.0,0.0,,277.0,6.3,,1012.7,,Patna,BR
2025-01-29,17.4,11.0,24.0,0.0,,275.0,3.4,,1014.5,,Patna,BR
2025-01-30,17.8,11.0,25.0,0.0,,292.0,5.0,,1010.7,,Patna,BR
2025-01-31,18.9,13.0,27.0,0.0,,282.0,5.9,,1010.9,,Patna,BR
2025-02-01,20.1,14.0,27.0,0.0,,243.0,4.9,,1012.2,,Patna,BR
2025-02-02,21.3,14.0,28.0,0.0,,270.0,7.8,,1012.1,,Patna,BR
2025-02-03,21.1,16.0,28.0,0.0,,281.0,8.4,,1013.0,,Patna,BR
2025-02-04,20.2,14.0,26.0,0.0,,268.0,6.2,,1012.9,,Patna,BR
2025-02-05,22.3,16.0,28.0,0.0,,270.0,11.9,,1010.6,,Patna,BR
2025-02-06,20.2,16.0,24.0,0.0,,268.0,16.5,,1012.8,,Patna,BR
2025-02-07,18.6,14.0,24.0,0.0,,275.0,14.9,,1013.9,,Patna,BR
2025-02-08,17.8,13.0,24.0,0.0,,269.0,8.7,,1014.5,,Patna,BR
2025-02-09,18.6,13.0,24.0,0.0,,255.0,7.8,,1013.2,,Patna,BR
2025-02-10,19.6,13.0,27.0,0.0,,263.0,7.0,,1012.9,,Patna,BR
2025-02-11,21.0,14.0,27.0,0.0,,266.0,10.3,,1011.6,,Patna,BR
2025-02-12,21.7,15.0,29.0,0.0,,263.0,9.5,,1011.3,,Patna,BR
2025-02-13,20.7,17.0,26.0,0.0,,262.0,15.3,,1011.4,,Patna,BR
2025-02-14,19.3,15.0,25.0,0.0,,268.0,12.7,,1011.2,,Patna,BR
2025-02-15,19.4,13.0,26.0,0.0,,274.0,6.8,,1011.4,,Patna,BR
2025-02-16,20.6,13.0,28.0,0.0,,105.0,4.6,,1011.7,,Patna,BR
2025-02-17,21.8,16.0,28.0,0.0,,45.0,6.9,,1014.0,,Patna,BR
2025-02-18,21.4,16.0,27.2,0.0,,248.0,5.9,,1013.8,,Patna,BR
2025-01-01,12.9,9.3,18.0,0.0,,269.0,7.5,,1018.3,,Varanasi,UE
2025-01-02,12.9,9.0,18.6,0.0,,266.0,6.2,,1018.1,,Varanasi,UE
2025-01-03,13.4,7.4,20.1,0.0,,275.0,4.6,,1017.5,,Varanasi,UE
2025-01-04,13.1,9.3,19.0,0.0,,298.0,3.9,,1016.6,,Varanasi,UE
2025-01-05,13.4,9.6,19.3,0.0,,82.0,4.1,,1016.7,,Varanasi,UE
2025-01-06,15.9,11.8,22.5,0.0,,26.0,4.8,,1015.0,,Varanasi,UE
2025-01-07,14.5,12.2,19.3,0.0,,266.0,10.5,,1015.9,,Varanasi,UE
2025-01-08,13.3,10.1,17.3,0.0,,265.0,8.7,,1016.8,,Varanasi,UE
2025-01-09,13.5,8.6,19.4,0.0,,156.0,3.2,,1018.8,,Varanasi,UE
2025-01-10,13.8,8.7,20.0,0.0,,63.0,3.6,,1020.1,,Varanasi,UE
2025-01-11,14.1,8.4,22.4,0.0,,86.0,4.7,,1019.1,,Varanasi,UE
2025-01-12,16.8,11.9,24.2,0.3,,68.0,8.3,,1017.5,,Varanasi,UE
2025-01-13,16.8,13.5,23.5,2.0,,278.0,6.8,,1017.4,,Varanasi,UE
2025-01-14,14.3,12.8,21.4,0.0,,283.0,4.6,,1019.3,,Varanasi,UE
2025-01-15,13.9,9.8,21.1,0.0,,58.0,3.0,,1020.2,,Varanasi,UE
2025-01-16,13.9,8.6,20.3,0.0,,50.0,4.6,,1019.6,,Varanasi,UE
2025-01-17,15.3,10.9,22.0,0.0,,261.0,7.0,,1018.8,,Varanasi,UE
2025-01-18,15.3,10.6,23.0,0.0,,267.0,6.9,,1017.9,,Varanasi,UE
2025-01-19,14.6,9.5,20.8,0.0,,255.0,8.7,,1016.6,,Varanasi,UE
2025-01-20,18.1,12.0,27.0,0.0,,261.0,11.2,,1013.9,,Varanasi,UE
2025-01-21,18.7,14.6,25.4,0.0,,259.0,10.2,,1013.1,,Varanasi,UE
2025-01-22,18.0,12.9,25.6,0.0,,267.0,6.3,,1013.5,,Varanasi,UE
2025-01-23,17.6,11.2,25.2,0.0,,263.0,4.6,,1013.8,,Varanasi,UE
2025-01-24,18.1,13.7,24.4,0.0,,275.0,8.3,,1013.9,,Varanasi,UE
2025-01-25,16.1,11.1,22.2,0.0,,258.0,10.2,,1014.7,,Varanasi,UE
2025-01-26,15.2,9.4,21.9,0.0,,269.0,7.0,,1014.7,,Varanasi,UE
2025-01-27,15.0,9.5,21.7,0.0,,268.0,7.7,,1012.9,,Varanasi,UE
2025-01-28,15.3,9.9,21.7,0.0,,261.0,5.8,,1013.4,,Varanasi,UE
2025-01-29,15.7,10.2,22.6,0.0,,87.0,4.3,,1015.0,,Varanasi,UE
2025-01-30,16.2,8.9,24.7,0.0,,85.0,3.4,,1011.2,,Varanasi,UE
2025-01-31,18.5,11.9,27.0,0.0,,128.0,5.0,,1011.0,,Varanasi,UE
2025-02-01,19.8,13.9,27.2,0.0,,91.0,6.2,,1012.3,,Varanasi,UE
2025-02-02,20.3,14.5,27.5,0.0,,277.0,5.3,,1012.9,,Varanasi,UE
2025-02-03,19.4,13.9,25.8,0.0,,264.0,7.0,,1013.7,,Varanasi,UE
2025-02-04,20.2,12.9,27.3,0.0,,303.0,5.8,,1013.5,,Varanasi,UE
2025-02-05,22.2,16.3,29.4,0.0,,283.0,9.5,,1012.0,,Varanasi,UE
2025-02-06,18.6,13.7,24.7,0.0,,269.0,13.0,,1014.4,,Varanasi,UE
2025-02-07,17.5,12.2,23.9,0.0,,262.0,13.9,,1015.1,,Varanasi,UE
2025-02-08,17.4,11.4,23.7,0.0,,253.0,9.6,,1015.0,,Varanasi,UE
2025-02-09,18.5,12.1,25.8,0.0,,256.0,8.4,,1013.8,,Varanasi,UE
2025-02-10,20.0,12.5,27.9,0.0,,261.0,6.3,,1013.4,,Varanasi,UE
2025-02-11,21.3,14.4,28.8,0.0,,264.0,9.8,,1012.4,,Varanasi,UE
2025-02-12,22.0,14.8,29.7,0.0,,255.0,9.8,,1012.1,,Varanasi,UE
2025-02-13,20.0,14.9,25.5,0.0,,262.0,14.4,,1012.9,,Varanasi,UE
2025-02-14,20.1,14.5,26.8,0.0,,259.0,15.5,,1011.9,,Varanasi,UE
2025-02-15,21.2,14.8,28.4,0.0,,259.0,9.0,,1011.1,,Varanasi,UE
2025-02-16,21.7,15.0,28.8,0.0,,74.0,7.8,,1011.2,,Varanasi,UE
2025-02-17,22.5,16.4,29.3,0.0,,72.0,7.1,,1013.9,,Varanasi,UE
2025-02-18,22.8,15.7,30.0,0.0,,105.0,4.8,,1013.1,,Varanasi,UE
2025-01-01,23.9,17.5,31.3,0.0,,5.0,8.7,,1014.8,,Surat,GJ
2025-01-02,25.3,19.1,32.4,0.0,,32.0,6.9,,1014.6,,Surat,GJ
2025-01-03,25.1,17.9,33.4,0.0,,31.0,6.6,,1014.3,,Surat,GJ
2025-01-04,24.2,17.8,32.1,0.0,,19.0,6.0,,1012.9,,Surat,GJ
2025-01-05,22.8,17.4,29.1,0.0,,355.0,9.3,,1013.0,,Surat,GJ
2025-01-06,21.3,16.1,27.1,0.0,,360.0,11.9,,1014.3,,Surat,GJ
2025-01-07,21.4,15.9,28.2,0.0,,17.0,13.0,,1014.7,,Surat,GJ
2025-01-08,21.6,15.3,29.5,0.0,,34.0,9.9,,1013.8,,Surat,GJ
2025-01-09,23.2,16.7,31.3,0.0,,44.0,7.7,,1013.5,,Surat,GJ
2025-01-10,24.0,18.7,31.8,0.0,,42.0,6.0,,1014.1,,Surat,GJ
2025-01-11,22.6,16.2,28.6,0.0,,346.0,5.5,,1014.4,,Surat,GJ
2025-01-12,22.6,16.5,28.6,0.0,,4.0,10.8,,1015.4,,Surat,GJ
2025-01-13,22.6,17.2,29.2,0.0,,17.0,12.8,,1014.4,,Surat,GJ
2025-01-14,23.5,17.0,31.1,0.0,,15.0,11.4,,1013.4,,Surat,GJ
2025-01-15,23.1,17.6,29.2,0.0,,347.0,10.3,,1014.1,,Surat,GJ
2025-01-16,22.6,17.0,28.8,0.0,,2.0,14.4,,1015.9,,Surat,GJ
2025-01-17,24.6,19.1,32.1,0.0,,31.0,11.8,,1014.1,,Surat,GJ
2025-01-18,25.9,20.6,33.5,0.0,,33.0,7.8,,1012.8,,Surat,GJ
2025-01-19,25.8,19.0,33.5,0.0,,38.0,6.7,,1013.5,,Surat,GJ
2025-01-20,25.7,19.6,33.4,0.0,,30.0,7.2,,1013.0,,Surat,GJ
2025-01-21,24.8,17.5,32.3,0.0,,11.0,7.6,,1012.0,,Surat,GJ
2025-01-22,24.2,18.2,30.5,0.0,,1.0,10.8,,1011.9,,Surat,GJ
2025-01-23,23.0,17.0,29.4,0.0,,0.0,12.7,,1012.8,,Surat,GJ
2025-01-24,24.1,17.3,32.2,0.0,,19.0,12.0,,1011.4,,Surat,GJ
2025-01-25,25.3,18.8,33.2,0.0,,14.0,13.3,,1011.8,,Surat,GJ
2025-01-26,25.0,18.2,33.1,0.0,,359.0,13.2,,1011.7,,Surat,GJ
2025-01-27,24.3,17.6,32.4,0.0,,355.0,11.7,,1010.9,,Surat,GJ
2025-01-28,24.6,17.2,33.3,0.0,,335.0,9.0,,1010.3,,Surat,GJ
2025-01-29,24.4,17.4,32.3,0.0,,269.0,6.3,,1012.2,,Surat,GJ
2025-01-30,24.3,16.8,31.7,0.0,,347.0,8.7,,1011.5,,Surat,GJ
2025-01-31,23.4,16.9,30.6,0.0,,320.0,7.6,,1010.8,,Surat,GJ
2025-02-01,22.7,16.9,28.8,0.0,,347.0,10.6,,1012.4,,Surat,GJ
2025-02-02,23.3,16.8,30.9,0.0,,3.0,12.4,,1012.8,,Surat,GJ
2025-02-03,24.3,17.4,32.0,0.0,,321.0,8.3,,1012.0,,Surat,GJ
2025-02-04,23.8,16.6,30.5,0.0,,343.0,11.3,,1013.3,,Surat,GJ
2025-02-05,23.2,16.6,29.8,0.0,,9.0,15.6,,1013.7,,Surat,GJ
2025-02-06,24.8,18.0,32.1,0.0,,23.0,17.2,,1012.3,,Surat,GJ
2025-02-07,26.7,19.8,35.1,0.0,,34.0,14.6,,1012.7,,Surat,GJ
2025-02-08,26.6,19.5,35.5,0.0,,9.0,10.5,,1012.4,,Surat,GJ
2025-02-09,27.1,19.5,35.2,0.0,,359.0,10.0,,1011.9,,Surat,GJ
2025-02-10,26.5,19.1,34.6,0.0,,347.0,9.0,,1013.0,,Surat,GJ
2025-02-11,25.0,18.3,32.3,0.0,,338.0,9.4,,1013.9,,Surat,GJ
2025-02-12,24.9,17.6,32.6,0.0,,6.0,9.9,,1014.4,,Surat,GJ
2025-02-13,26.3,18.7,35.0,0.0,,9.0,13.2,,1013.9,,Surat,GJ
2025-02-14,27.2,20.2,35.1,0.0,,12.0,11.6,,1013.5,,Surat,GJ
2025-02-15,27.0,18.8,35.1,0.0,,357.0,6.5,,1012.0,,Surat,GJ
2025-02-16,26.9,20.5,34.3,0.0,,309.0,9.1,,1012.0,,Surat,GJ
2025-02-17,27.3,20.3,35.0,0.0,,355.0,9.8,,1013.1,,Surat,GJ
2025-02-18,27.9,21.0,34.9,0.0,,332.0,10.7,,1013.0,,Surat,GJ
2025-01-01,23.2,20.1,27.8,0.0,,43.0,13.6,,1014.7,,Visakhapatnam,AP
2025-01-02,22.0,18.3,26.9,0.0,,45.0,14.2,,1014.7,,Visakhapatnam,AP
2025-01-03,21.5,17.5,27.1,0.0,,39.0,11.7,,1015.0,,Visakhapatnam,AP
2025-01-04,21.7,17.3,27.3,0.0,,37.0,11.6,,1013.9,,Visakhapatnam,AP
2025-01-05,22.1,17.6,27.3,0.0,,35.0,9.6,,1014.2,,Visakhapatnam,AP
2025-01-06,22.6,18.0,28.1,0.0,,41.0,9.2,,1013.7,,Visakhapatnam,AP
2025-01-07,22.9,17.9,28.8,0.0,,326.0,8.1,,1013.3,,Visakhapatnam,AP
2025-01-08,23.4,18.8,29.3,0.0,,23.0,11.4,,1013.6,,Visakhapatnam,AP
2025-01-09,22.7,18.9,27.5,0.0,,45.0,18.4,,1015.3,,Visakhapatnam,AP
2025-01-10,21.8,18.2,26.5,0.0,,40.0,19.8,,1017.3,,Visakhapatnam,AP
2025-01-11,21.6,17.6,26.3,0.0,,42.0,20.8,,1017.0,,Visakhapatnam,AP
2025-01-12,22.2,18.6,27.6,0.0,,36.0,17.0,,1016.3,,Visakhapatnam,AP
2025-01-13,22.8,18.3,28.3,0.0,,54.0,14.6,,1014.3,,Visakhapatnam,AP
2025-01-14,23.7,19.6,28.9,0.0,,44.0,16.8,,1015.9,,Visakhapatnam,AP
2025-01-15,23.6,20.0,28.2,0.0,,44.0,20.4,,1016.8,,Visakhapatnam,AP
2025-01-16,23.2,19.3,28.0,0.0,,38.0,17.8,,1016.2,,Visakhapatnam,AP
2025-01-17,22.5,18.8,27.5,0.0,,40.0,21.3,,1015.3,,Visakhapatnam,AP
2025-01-18,22.1,18.1,27.1,0.0,,40.0,20.9,,1014.8,,Visakhapatnam,AP
2025-01-19,22.7,17.9,28.9,0.0,,39.0,18.1,,1014.3,,Visakhapatnam,AP
2025-01-20,23.0,17.1,30.7,0.0,,22.0,10.0,,1013.0,,Visakhapatnam,AP
2025-01-21,22.6,15.1,30.8,0.0,,29.0,9.3,,1012.3,,Visakhapatnam,AP
2025-01-22,22.8,16.8,30.9,0.0,,35.0,8.1,,1012.6,,Visakhapatnam,AP
2025-01-23,22.6,17.9,29.9,0.0,,45.0,6.8,,1013.0,,Visakhapatnam,AP
2025-01-24,22.2,18.0,29.3,0.0,,280.0,7.4,,1012.6,,Visakhapatnam,AP
2025-01-25,23.1,18.0,30.5,0.0,,259.0,8.1,,1012.9,,Visakhapatnam,AP
2025-01-26,23.9,19.6,29.8,0.0,,63.0,9.3,,1012.6,,Visakhapatnam,AP
2025-01-27,23.9,19.4,29.7,0.0,,232.0,9.9,,1011.6,,Visakhapatnam,AP
2025-01-28,24.4,19.7,30.2,0.0,,227.0,10.8,,1012.3,,Visakhapatnam,AP
2025-01-29,24.4,20.5,28.5,0.2,,126.0,8.9,,1014.3,,Visakhapatnam,AP
2025-01-30,24.3,19.5,29.1,0.0,,226.0,9.5,,1012.1,,Visakhapatnam,AP
2025-01-31,24.9,20.3,31.1,0.0,,227.0,11.5,,1011.5,,Visakhapatnam,AP
2025-02-01,24.9,20.9,31.5,0.0,,221.0,9.1,,1012.1,,Visakhapatnam,AP
2025-02-02,24.8,19.9,32.0,0.0,,226.0,10.6,,1012.4,,Visakhapatnam,AP
2025-02-03,26.0,19.1,34.2,0.0,,232.0,9.7,,1012.1,,Visakhapatnam,AP
2025-02-04,26.5,21.2,33.3,0.0,,196.0,8.6,,1012.5,,Visakhapatnam,AP
2025-02-05,26.3,21.0,33.0,0.0,,226.0,9.5,,1011.7,,Visakhapatnam,AP
2025-02-06,26.9,21.3,34.1,0.0,,221.0,11.2,,1011.7,,Visakhapatnam,AP
2025-02-07,26.8,22.0,33.0,0.0,,208.0,8.9,,1013.1,,Visakhapatnam,AP
2025-02-08,26.5,22.9,32.6,0.0,,58.0,10.3,,1013.2,,Visakhapatnam,AP
2025-02-09,25.7,21.8,31.5,0.0,,32.0,9.0,,1013.2,,Visakhapatnam,AP
2025-02-10,25.3,21.1,31.0,0.0,,198.0,8.8,,1014.0,,Visakhapatnam,AP
2025-02-11,25.3,20.1,30.8,0.0,,230.0,12.0,,1013.7,,Visakhapatnam,AP
2025-02-12,26.4,21.0,33.0,0.0,,219.0,14.8,,1012.9,,Visakhapatnam,AP
2025-02-13,26.7,20.8,33.7,0.0,,221.0,16.2,,1012.1,,Visakhapatnam,AP
2025-02-14,26.7,21.3,33.1,0.0,,188.0,13.4,,1011.8,,Visakhapatnam,AP
2025-02-15,25.9,20.3,31.9,0.0,,137.0,10.8,,1011.6,,Visakhapatnam,AP
2025-02-16,26.0,20.7,31.7,0.0,,234.0,11.5,,1012.5,,Visakhapatnam,AP
2025-02-17,26.1,21.5,32.0,0.0,,224.0,12.7,,1013.7,,Visakhapatnam,AP
2025-02-18,26.1,20.9,31.7,0.0,,216.0,16.2,,1013.2,,Visakhapatnam,AP
2025-01-01,28.4,23.8,34.2,0.0,,71.0,10.0,,1010.2,,Kochi,KL
2025-01-02,27.0,22.8,31.3,0.0,,80.0,11.7,,1010.6,,Kochi,KL
2025-01-03,27.0,22.2,32.8,0.0,,65.0,12.5,,1010.7,,Kochi,KL
2025-01-04,26.9,22.3,32.2,0.0,,82.0,10.8,,1010.5,,Kochi,KL
2025-01-05,26.9,21.4,32.9,0.0,,51.0,9.8,,1010.9,,Kochi,KL
2025-01-06,26.9,22.2,32.3,0.0,,43.0,9.8,,1010.9,,Kochi,KL
2025-01-07,26.8,22.1,31.9,0.0,,37.0,9.6,,1010.6,,Kochi,KL
2025-01-08,27.1,23.3,31.4,0.3,,142.0,8.6,,1010.0,,Kochi,KL
2025-01-09,27.7,23.7,32.0,0.0,,40.0,12.4,,1010.7,,Kochi,KL
2025-01-10,28.0,23.6,33.5,0.0,,31.0,13.2,,1011.5,,Kochi,KL
2025-01-11,28.2,24.6,31.6,3.2,,310.0,11.1,,1011.7,,Kochi,KL
2025-01-12,28.3,24.1,32.5,1.6,,358.0,9.4,,1011.4,,Kochi,KL
2025-01-13,28.1,24.8,32.5,2.4,,58.0,7.0,,1010.1,,Kochi,KL
2025-01-14,27.4,24.7,30.9,7.9,,347.0,7.4,,1011.1,,Kochi,KL
2025-01-15,27.9,24.8,31.8,0.7,,194.0,8.1,,1011.3,,Kochi,KL
2025-01-16,28.0,24.7,32.0,0.0,,185.0,11.0,,1010.9,,Kochi,KL
2025-01-17,27.6,23.7,32.3,0.0,,121.0,11.7,,1009.8,,Kochi,KL
2025-01-18,27.5,22.7,32.3,0.0,,89.0,10.6,,1009.4,,Kochi,KL
2025-01-19,26.5,24.7,30.0,5.2,,42.0,7.8,,1010.4,,Kochi,KL
2025-01-20,27.8,24.6,31.6,0.0,,251.0,8.5,,1009.4,,Kochi,KL
2025-01-21,27.8,23.7,32.1,0.0,,112.0,10.4,,1008.9,,Kochi,KL
2025-01-22,27.7,22.7,31.7,0.0,,72.0,9.5,,1009.3,,Kochi,KL
2025-01-23,28.8,25.3,33.0,0.5,,152.0,10.5,,1009.1,,Kochi,KL
2025-01-24,28.4,23.6,32.6,0.0,,140.0,9.9,,1008.5,,Kochi,KL
2025-01-25,28.5,24.0,32.6,0.0,,143.0,10.5,,1009.0,,Kochi,KL
2025-01-26,28.8,24.9,33.0,0.0,,204.0,12.3,,1008.8,,Kochi,KL
2025-01-27,28.3,22.9,33.2,0.0,,167.0,11.8,,1008.8,,Kochi,KL
2025-01-28,27.6,22.5,31.8,0.0,,49.0,11.6,,1009.9,,Kochi,KL
2025-01-29,27.7,24.4,31.5,0.0,,67.0,11.0,,1010.3,,Kochi,KL
2025-01-30,28.1,24.5,31.4,0.1,,349.0,9.2,,1009.9,,Kochi,KL
2025-01-31,28.3,24.7,33.0,7.8,,314.0,9.8,,1009.2,,Kochi,KL
2025-02-01,27.0,23.4,30.8,2.8,,187.0,10.1,,1010.5,,Kochi,KL
2025-02-02,27.8,23.6,32.0,0.6,,323.0,11.2,,1010.2,,Kochi,KL
2025-02-03,27.4,24.7,30.1,0.0,,346.0,12.9,,1011.1,,Kochi,KL
2025-02-04,28.2,24.1,33.4,0.0,,46.0,9.9,,1010.8,,Kochi,KL
2025-02-05,27.9,24.0,33.0,0.0,,303.0,10.3,,1009.9,,Kochi,KL
2025-02-06,28.0,24.0,32.1,0.0,,328.0,9.3,,1009.4,,Kochi,KL
2025-02-07,27.8,23.7,31.0,0.0,,343.0,10.6,,1010.7,,Kochi,KL
2025-02-08,27.5,22.4,32.7,0.0,,271.0,9.5,,1010.4,,Kochi,KL
2025-02-09,28.0,24.0,34.0,0.0,,314.0,10.2,,1009.9,,Kochi,KL
2025-02-10,28.2,24.0,32.5,0.0,,333.0,9.3,,1011.1,,Kochi,KL
2025-02-11,27.9,24.6,32.0,0.0,,17.0,10.1,,1011.7,,Kochi,KL
2025-02-12,27.7,23.8,32.0,0.0,,30.0,8.3,,1011.2,,Kochi,KL
2025-02-13,27.7,23.7,31.0,0.0,,1.0,9.6,,1011.4,,Kochi,KL
2025-02-14,28.0,24.0,31.6,0.0,,337.0,8.4,,1011.3,,Kochi,KL
2025-02-15,28.2,24.3,31.7,0.0,,352.0,10.9,,1010.1,,Kochi,KL
2025-02-16,27.8,22.0,31.6,0.1,,295.0,9.9,,1010.5,,Kochi,KL
2025-02-17,28.3,24.5,32.0,0.0,,162.0,9.8,,1011.7,,Kochi,KL
2025-02-18,28.2,24.9,31.8,0.0,,161.0,12.0,,1012.0,,Kochi,KL
2025-01-01,10.5,8.2,15.4,0.0,,303.0,9.5,,1019.3,,Ludhiana,PB
2025-01-02,11.1,7.9,16.6,0.0,,304.0,8.7,,1018.3,,Ludhiana,PB
2025-01-03,11.9,7.9,18.7,0.0,,317.0,5.4,,1018.0,,Ludhiana,PB
2025-01-04,11.9,7.7,18.8,0.0,,115.0,4.5,,1015.7,,Ludhiana,PB
2025-01-05,12.5,9.6,18.2,0.7,,99.0,6.5,,1016.2,,Ludhiana,PB
2025-01-06,12.3,9.5,17.0,6.0,,308.0,6.5,,1017.8,,Ludhiana,PB
2025-01-07,11.7,9.1,16.9,0.0,,296.0,8.1,,1017.8,,Ludhiana,PB
2025-01-08,10.8,6.2,16.5,0.0,,297.0,7.3,,1015.8,,Ludhiana,PB
2025-01-09,10.1,5.2,17.0,0.0,,99.0,2.5,,1018.3,,Ludhiana,PB
2025-01-10,9.4,6.3,15.8,0.0,,112.0,3.9,,1020.2,,Ludhiana,PB
2025-01-11,11.0,6.8,15.4,1.9,,81.0,7.3,,1019.2,,Ludhiana,PB
2025-01-12,13.8,10.4,16.0,10.9,,75.0,8.3,,1020.1,,Ludhiana,PB
2025-01-13,16.4,8.8,20.5,1.0,,323.0,9.5,,1019.4,,Ludhiana,PB
2025-01-14,11.6,6.8,18.0,0.0,,312.0,6.8,,1019.0,,Ludhiana,PB
2025-01-15,10.3,4.7,17.0,0.0,,121.0,4.5,,1020.3,,Ludhiana,PB
2025-01-16,12.0,8.7,17.2,0.1,,135.0,6.6,,1021.5,,Ludhiana,PB
2025-01-17,11.1,6.5,17.8,0.0,,311.0,8.7,,1021.2,,Ludhiana,PB
2025-01-18,11.7,7.8,16.7,0.0,,296.0,4.8,,1018.7,,Ludhiana,PB
2025-01-19,13.7,8.8,21.2,0.0,,342.0,4.4,,1017.7,,Ludhiana,PB
2025-01-20,15.3,11.8,23.8,0.0,,306.0,8.9,,1015.6,,Ludhiana,PB
2025-01-21,13.8,8.4,22.0,0.0,,304.0,7.2,,1014.4,,Ludhiana,PB
2025-01-22,14.3,8.1,23.0,0.0,,311.0,6.2,,1013.9,,Ludhiana,PB
2025-01-23,14.0,9.0,22.4,0.0,,306.0,8.5,,1015.7,,Ludhiana,PB
2025-01-24,12.7,7.3,18.9,0.0,,299.0,8.9,,1015.8,,Ludhiana,PB
2025-01-25,12.4,6.7,19.0,0.0,,296.0,8.0,,1015.0,,Ludhiana,PB
2025-01-26,12.5,6.4,20.0,0.0,,302.0,8.1,,1014.5,,Ludhiana,PB
2025-01-27,12.8,5.6,20.7,0.0,,308.0,7.0,,1013.4,,Ludhiana,PB
2025-01-28,13.8,7.1,21.9,0.0,,312.0,6.2,,1012.5,,Ludhiana,PB
2025-01-29,14.7,9.7,21.4,0.0,,119.0,11.1,,1014.3,,Ludhiana,PB
2025-01-30,15.0,9.1,22.3,0.0,,79.0,5.6,,1011.7,,Ludhiana,PB
2025-01-31,15.1,8.6,22.3,0.0,,126.0,7.4,,1010.9,,Ludhiana,PB
2025-02-01,14.7,9.2,20.5,0.2,,14.0,6.1,,1014.1,,Ludhiana,PB
2025-02-02,14.1,8.9,21.1,0.0,,308.0,8.3,,1016.1,,Ludhiana,PB
2025-02-03,13.6,7.5,20.7,0.0,,307.0,6.1,,1014.8,,Ludhiana,PB
2025-02-04,13.7,8.5,19.7,1.5,,357.0,8.5,,1015.3,,Ludhiana,PB
2025-02-05,16.7,8.2,21.2,0.0,,332.0,5.8,,1016.3,,Ludhiana,PB
2025-02-06,13.4,8.5,19.9,0.0,,320.0,10.2,,1018.2,,Ludhiana,PB
2025-02-07,12.5,6.6,18.9,0.0,,304.0,11.0,,1017.4,,Ludhiana,PB
2025-02-08,13.7,8.5,20.6,0.0,,307.0,8.6,,1015.8,,Ludhiana,PB
2025-02-09,15.1,8.7,23.0,0.0,,316.0,7.3,,1014.7,,Ludhiana,PB
2025-02-10,16.0,9.0,24.0,0.0,,326.0,6.4,,1014.1,,Ludhiana,PB
2025-02-11,16.5,10.3,24.5,0.0,,344.0,8.1,,1013.9,,Ludhiana,PB
2025-02-12,16.4,10.9,23.0,0.0,,306.0,10.7,,1015.1,,Ludhiana,PB
2025-02-13,15.0,9.2,21.7,0.0,,320.0,9.5,,1015.5,,Ludhiana,PB
2025-02-14,15.3,8.4,22.4,0.0,,327.0,8.2,,1013.2,,Ludhiana,PB
2025-02-15,16.0,11.3,22.4,1.5,,327.0,7.4,,1011.0,,Ludhiana,PB
2025-02-16,16.4,10.7,23.5,0.0,,349.0,4.7,,1012.7,,Ludhiana,PB
2025-02-17,17.2,10.4,24.7,0.0,,315.0,7.6,,1015.3,,Ludhiana,PB
2025-02-18,17.7,11.8,25.1,0.0,,317.0,8.4,,1014.4,,Ludhiana,PB
2025-01-01,-0.7,-8.4,5.3,0.6,,100.0,4.2,,1024.6,,Srinagar,JK
2025-01-02,0.7,-2.6,4.9,0.3,,21.0,3.3,,1025.3,,Srinagar,JK
2025-01-03,-0.1,-2.2,5.4,0.0,,28.0,4.0,,1023.0,,Srinagar,JK
2025-01-04,1.8,-2.7,9.3,0.0,,34.0,6.1,,1017.2,,Srinagar,JK
2025-01-05,0.0,-2.3,2.6,52.3,,331.0,4.7,,1020.6,,Srinagar,JK
2025-01-06,2.2,-0.5,4.2,19.1,,350.0,3.6,,1024.5,,Srinagar,JK
2025-01-07,3.4,0.9,7.2,1.0,,84.0,4.0,,1027.3,,Srinagar,JK
2025-01-08,2.3,-12.4,8.6,0.0,,82.0,4.0,,1024.1,,Srinagar,JK
2025-01-09,-4.2,-14.0,7.5,0.0,,66.0,4.3,,1026.7,,Srinagar,JK
2025-01-10,-4.2,-13.0,7.2,0.0,,58.0,4.5,,1029.2,,Srinagar,JK
2025-01-11,-2.1,-10.7,5.5,0.0,,52.0,4.0,,1024.7,,Srinagar,JK
2025-01-12,0.2,-6.5,8.6,0.0,,33.0,3.1,,1023.1,,Srinagar,JK
2025-01-13,-1.8,-11.0,9.8,0.0,,37.0,4.2,,1026.0,,Srinagar,JK
2025-01-14,-2.0,-10.4,6.2,0.0,,16.0,4.1,,1024.9,,Srinagar,JK
2025-01-15,-1.4,-11.1,9.4,0.0,,18.0,4.4,,1023.8,,Srinagar,JK
2025-01-16,-1.0,-7.2,4.3,2.1,,25.0,4.9,,1024.5,,Srinagar,JK
2025-01-17,-1.6,-10.7,6.6,0.0,,35.0,5.8,,1029.8,,Srinagar,JK
2025-01-18,0.8,-4.9,6.2,0.0,,24.0,4.1,,1022.8,,Srinagar,JK
2025-01-19,1.3,-5.5,8.6,0.0,,26.0,5.6,,1021.3,,Srinagar,JK
2025-01-20,2.4,-6.6,12.8,8.3,,18.0,5.3,,1020.0,,Srinagar,JK
2025-01-21,1.5,-6.1,10.8,34.1,,359.0,5.3,,1020.7,,Srinagar,JK
2025-01-22,5.3,0.6,11.0,0.0,,342.0,5.2,,1020.4,,Srinagar,JK
2025-01-23,0.1,-8.1,11.8,0.0,,70.0,5.3,,1023.2,,Srinagar,JK
2025-01-24,-4.6,-13.1,6.6,0.0,,40.0,8.1,,1023.9,,Srinagar,JK
2025-01-25,-6.1,-16.2,5.7,0.0,,47.0,8.2,,1025.0,,Srinagar,JK
2025-01-26,-4.1,-13.3,6.9,0.0,,71.0,6.1,,1022.5,,Srinagar,JK
2025-01-27,-2.3,-10.9,9.8,0.0,,42.0,6.7,,1018.2,,Srinagar,JK
2025-01-28,-0.5,-10.7,8.4,0.0,,19.0,6.5,,1017.2,,Srinagar,JK
2025-01-29,1.2,-2.7,4.7,7.6,,359.0,5.9,,1018.5,,Srinagar,JK
2025-01-30,5.3,-1.5,6.5,0.0,,30.0,4.6,,1019.9,,Srinagar,JK
2025-01-31,-0.9,-5.8,5.4,13.3,,17.0,6.2,,1018.2,,Srinagar,JK
2025-02-01,3.9,0.8,11.7,5.1,,46.0,4.6,,1022.3,,Srinagar,JK
2025-02-02,5.1,-6.8,5.6,0.5,,71.0,6.5,,1023.9,,Srinagar,JK
2025-02-03,5.5,-10.2,8.6,0.0,,48.0,10.3,,1017.9,,Srinagar,JK
2025-02-04,0.4,-5.6,7.8,1.3,,17.0,8.4,,1016.5,,Srinagar,JK
2025-02-05,-1.4,-8.3,5.7,6.3,,10.0,7.0,,1020.4,,Srinagar,JK
2025-02-06,4.7,-9.1,4.9,0.0,,20.0,5.9,,1025.4,,Srinagar,JK
2025-02-07,-3.7,-13.1,6.2,0.0,,32.0,6.5,,1025.3,,Srinagar,JK
2025-02-08,-0.8,-10.6,7.7,0.0,,68.0,5.9,,1022.3,,Srinagar,JK
2025-02-09,2.7,-3.0,8.8,2.2,,4.0,5.6,,1020.5,,Srinagar,JK
2025-02-10,1.0,-1.3,4.9,51.9,,0.0,4.5,,1022.6,,Srinagar,JK
2025-02-11,6.9,2.1,14.6,0.0,,359.0,5.2,,1022.5,,Srinagar,JK
2025-02-12,-1.0,-7.6,5.4,6.1,,46.0,4.6,,1022.1,,Srinagar,JK
2025-02-13,-4.1,-13.4,6.6,0.0,,58.0,7.0,,1021.6,,Srinagar,JK
2025-02-14,-2.5,-12.3,8.8,0.0,,41.0,6.8,,1018.9,,Srinagar,JK
2025-02-15,0.7,-6.8,9.5,0.1,,55.0,7.2,,1014.4,,Srinagar,JK
2025-02-16,-0.5,-8.4,7.7,5.3,,3.0,9.8,,1018.3,,Srinagar,JK
2025-02-17,-0.3,-6.4,8.5,14.5,,358.0,6.4,,1022.8,,Srinagar,JK
2025-02-18,-0.4,-10.0,8.3,0.0,,34.0,6.7,,1022.3,,Srinagar,JK
2025-01-01,10.0,5.6,14.9,0.0,,81.0,4.7,,1019.2,,Jammu,JK
2025-01-02,11.0,6.7,16.9,0.0,,3.0,4.3,,1018.6,,Jammu,JK
2025-01-03,12.2,8.0,19.3,0.0,,8.0,3.7,,1018.2,,Jammu,JK
2025-01-04,12.9,7.0,20.6,0.0,,54.0,5.8,,1015.4,,Jammu,JK
2025-01-05,12.0,8.8,16.1,26.0,,31.0,14.4,,1016.4,,Jammu,JK
2025-01-06,12.3,7.2,19.0,0.0,,1.0,7.9,,1018.4,,Jammu,JK
2025-01-07,10.5,4.3,17.7,0.0,,110.0,6.5,,1017.6,,Jammu,JK
2025-01-08,8.9,4.5,15.3,0.0,,82.0,5.7,,1015.9,,Jammu,JK
2025-01-09,9.8,4.5,17.0,0.0,,67.0,5.7,,1018.2,,Jammu,JK
2025-01-10,9.2,3.7,15.9,0.0,,105.0,5.8,,1020.0,,Jammu,JK
2025-01-11,10.8,5.8,15.7,1.4,,102.0,6.3,,1019.7,,Jammu,JK
2025-01-12,12.5,7.9,17.9,2.2,,0.0,7.7,,1020.9,,Jammu,JK
2025-01-13,10.8,5.1,17.4,0.0,,7.0,7.1,,1019.9,,Jammu,JK
2025-01-14,9.9,4.2,16.8,0.0,,64.0,5.1,,1019.3,,Jammu,JK
2025-01-15,10.4,4.7,17.5,0.0,,48.0,5.3,,1020.3,,Jammu,JK
2025-01-16,10.7,6.9,15.7,3.9,,71.0,9.1,,1022.2,,Jammu,JK
2025-01-17,9.6,2.9,16.9,0.0,,18.0,7.9,,1021.4,,Jammu,JK
2025-01-18,12.0,8.1,17.4,0.0,,50.0,4.0,,1018.5,,Jammu,JK
2025-01-19,12.8,8.5,18.8,2.6,,16.0,5.2,,1018.3,,Jammu,JK
2025-01-20,13.1,7.1,20.1,0.0,,339.0,9.4,,1016.0,,Jammu,JK
2025-01-21,13.2,7.5,20.5,0.4,,349.0,8.5,,1014.5,,Jammu,JK
2025-01-22,12.3,5.2,20.1,0.0,,3.0,7.9,,1014.2,,Jammu,JK
2025-01-23,11.8,4.3,19.7,0.0,,8.0,8.4,,1016.1,,Jammu,JK
2025-01-24,10.6,3.8,18.5,0.0,,86.0,7.2,,1015.9,,Jammu,JK
2025-01-25,10.3,2.8,18.2,0.0,,86.0,6.8,,1015.0,,Jammu,JK
2025-01-26,10.5,2.6,18.3,0.0,,75.0,6.8,,1014.6,,Jammu,JK
2025-01-27,11.0,3.9,19.1,0.0,,67.0,5.8,,1013.6,,Jammu,JK
2025-01-28,11.8,4.5,19.9,0.0,,100.0,6.3,,1012.6,,Jammu,JK
2025-01-29,13.7,8.1,18.6,0.0,,64.0,7.8,,1014.7,,Jammu,JK
2025-01-30,13.7,7.8,21.3,0.0,,1.0,9.9,,1012.3,,Jammu,JK
2025-01-31,13.0,5.2,21.1,0.0,,79.0,7.7,,1011.3,,Jammu,JK
2025-02-01,13.3,8.7,20.1,27.3,,26.0,11.7,,1015.3,,Jammu,JK
2025-02-02,12.2,5.8,19.8,0.0,,357.0,8.7,,1016.5,,Jammu,JK
2025-02-03,11.6,4.6,19.3,0.0,,96.0,7.7,,1014.6,,Jammu,JK
2025-02-04,12.7,5.7,19.6,0.0,,66.0,10.2,,1016.1,,Jammu,JK
2025-02-05,11.3,5.1,18.5,0.4,,4.0,8.4,,1016.9,,Jammu,JK
2025-02-06,11.4,5.0,19.4,0.0,,333.0,10.6,,1018.6,,Jammu,JK
2025-02-07,10.2,1.2,19.1,0.0,,87.0,7.8,,1017.3,,Jammu,JK
2025-02-08,12.2,5.6,19.0,0.0,,86.0,5.6,,1016.0,,Jammu,JK
2025-02-09,13.5,6.5,21.1,0.0,,46.0,6.1,,1015.1,,Jammu,JK
2025-02-10,13.9,8.9,20.0,0.0,,28.0,8.1,,1014.8,,Jammu,JK
2025-02-11,14.4,8.2,24.0,0.0,,0.0,10.1,,1014.9,,Jammu,JK
2025-02-12,13.3,5.8,21.3,0.0,,311.0,9.3,,1015.7,,Jammu,JK
2025-02-13,12.6,4.0,21.2,0.0,,358.0,10.4,,1015.7,,Jammu,JK
2025-02-14,12.6,4.7,21.1,0.0,,80.0,8.0,,1013.4,,Jammu,JK
2025-02-15,14.9,9.8,21.3,0.2,,42.0,7.2,,1011.6,,Jammu,JK
2025-02-16,15.0,7.0,22.3,0.0,,61.0,9.7,,1013.2,,Jammu,JK
2025-02-17,15.9,8.6,23.4,0.0,,347.0,11.5,,1016.3,,Jammu,JK
2025-02-18,15.1,6.8,22.7,0.0,,56.0,9.0,,1015.0,,Jammu,JK
2025-01-01,17.8,13.4,24.4,0.0,,27.0,4.1,,1014.6,,Guwahati,NESA
2025-01-02,16.8,14.0,22.0,0.0,,346.0,2.5,,1015.3,,Guwahati,NESA
2025-01-03,16.4,13.0,22.0,0.0,,7.0,2.6,,1015.7,,Guwahati,NESA
2025-01-04,18.1,12.0,26.0,0.0,,9.0,3.1,,1014.6,,Guwahati,NESA
2025-01-05,18.3,12.4,25.4,0.0,,7.0,2.4,,1015.7,,Guwahati,NESA
2025-01-06,19.8,14.0,28.2,0.0,,341.0,2.2,,1013.7,,Guwahati,NESA
2025-01-07,20.3,15.8,27.0,9.7,,318.0,4.0,,1011.5,,Guwahati,NESA
2025-01-08,17.2,15.6,18.6,2.3,,263.0,6.2,,1014.1,,Guwahati,NESA
2025-01-09,17.5,14.0,21.4,0.0,,7.0,4.4,,1017.1,,Guwahati,NESA
2025-01-10,17.0,13.0,23.8,0.0,,12.0,3.3,,1018.4,,Guwahati,NESA
2025-01-11,17.4,12.0,25.0,0.0,,17.0,3.9,,1018.5,,Guwahati,NESA
2025-01-12,17.7,12.0,24.0,0.0,,5.0,2.5,,1017.6,,Guwahati,NESA
2025-01-13,17.8,13.2,24.0,0.8,,328.0,3.2,,1014.7,,Guwahati,NESA
2025-01-14,18.6,14.0,25.2,0.0,,4.0,3.5,,1017.8,,Guwahati,NESA
2025-01-15,18.1,13.0,25.4,0.0,,9.0,3.4,,1018.3,,Guwahati,NESA
2025-01-16,18.3,12.0,26.4,0.0,,26.0,3.9,,1017.4,,Guwahati,NESA
2025-01-17,19.6,12.8,27.2,0.0,,3.0,3.8,,1015.7,,Guwahati,NESA
2025-01-18,19.7,15.0,26.4,0.0,,357.0,2.6,,1014.9,,Guwahati,NESA
2025-01-19,19.0,13.0,26.0,0.0,,355.0,4.0,,1013.3,,Guwahati,NESA
2025-01-20,19.6,15.0,26.2,0.0,,332.0,3.7,,1011.5,,Guwahati,NESA
2025-01-21,19.8,16.0,25.4,0.0,,351.0,3.3,,1011.1,,Guwahati,NESA
2025-01-22,19.7,16.0,25.8,0.0,,336.0,2.2,,1012.0,,Guwahati,NESA
2025-01-23,17.6,16.0,20.6,0.0,,306.0,3.9,,1013.0,,Guwahati,NESA
2025-01-24,18.3,15.0,21.0,0.0,,240.0,7.6,,1012.2,,Guwahati,NESA
2025-01-25,17.0,13.0,22.0,0.0,,157.0,6.6,,1013.4,,Guwahati,NESA
2025-01-26,17.5,13.0,24.0,0.0,,104.0,5.9,,1012.4,,Guwahati,NESA
2025-01-27,18.3,13.0,25.0,0.0,,208.0,6.0,,1010.0,,Guwahati,NESA
2025-01-28,19.1,15.0,24.0,2.9,,199.0,6.3,,1012.0,,Guwahati,NESA
2025-01-29,19.4,16.0,24.0,3.6,,207.0,6.2,,1014.3,,Guwahati,NESA
2025-01-30,18.1,13.0,24.0,0.0,,217.0,7.6,,1010.3,,Guwahati,NESA
2025-01-31,18.8,14.0,24.0,0.0,,61.0,8.0,,1011.1,,Guwahati,NESA
2025-02-01,18.4,14.0,24.0,0.0,,62.0,7.7,,1012.2,,Guwahati,NESA
2025-02-02,18.8,14.0,25.0,0.0,,127.0,6.8,,1011.7,,Guwahati,NESA
2025-02-03,18.8,14.0,25.0,0.0,,86.0,5.9,,1012.8,,Guwahati,NESA
2025-02-04,19.3,13.0,26.0,0.0,,142.0,5.0,,1011.8,,Guwahati,NESA
2025-02-05,20.2,16.0,25.0,0.0,,230.0,5.7,,1010.1,,Guwahati,NESA
2025-02-06,20.3,16.0,26.0,0.1,,94.0,7.1,,1010.9,,Guwahati,NESA
2025-02-07,19.5,14.0,25.0,0.0,,227.0,8.0,,1012.3,,Guwahati,NESA
2025-02-08,18.7,13.0,26.0,0.0,,104.0,6.6,,1013.4,,Guwahati,NESA
2025-02-09,19.3,14.0,26.0,0.0,,220.0,6.3,,1011.9,,Guwahati,NESA
2025-02-10,19.5,15.0,26.0,0.0,,225.0,6.8,,1012.5,,Guwahati,NESA
2025-02-11,19.2,13.0,24.0,0.0,,59.0,10.0,,1011.7,,Guwahati,NESA
2025-02-12,18.3,14.0,23.0,0.0,,58.0,9.6,,1011.9,,Guwahati,NESA
2025-02-13,19.4,14.0,25.0,0.3,,79.0,9.0,,1010.6,,Guwahati,NESA
2025-02-14,18.6,14.0,24.0,0.0,,68.0,8.0,,1011.1,,Guwahati,NESA
2025-02-15,19.1,15.0,25.0,0.0,,83.0,9.6,,1012.1,,Guwahati,NESA
2025-02-16,18.8,13.0,24.0,0.0,,76.0,8.3,,1012.8,,Guwahati,NESA
2025-02-17,18.9,13.0,25.2,0.0,,80.0,11.2,,1014.9,,Guwahati,NESA
2025-02-18,18.9,13.7,25.2,0.0,,79.0,10.6,,1013.5,,Guwahati,NESA
2025-01-01,15.1,7.1,23.8,0.0,,303.0,4.0,,1015.7,,Imphal,NESA
2025-01-02,16.2,7.1,24.1,0.0,,353.0,4.0,,1016.3,,Imphal,NESA
2025-01-03,16.5,8.0,23.0,0.0,,10.0,4.0,,1017.2,,Imphal,NESA
2025-01-04,15.7,8.1,22.8,0.0,,296.0,3.7,,1016.8,,Imphal,NESA
2025-01-05,16.0,7.7,23.4,0.0,,317.0,4.2,,1017.9,,Imphal,NESA
2025-01-06,16.3,8.1,24.0,0.0,,313.0,4.5,,1016.1,,Imphal,NESA
2025-01-07,16.5,9.5,23.0,0.0,,312.0,3.6,,1014.4,,Imphal,NESA
2025-01-08,15.1,8.7,19.4,1.0,,325.0,5.3,,1015.0,,Imphal,NESA
2025-01-09,14.5,7.1,21.4,0.0,,346.0,3.4,,1018.0,,Imphal,NESA
2025-01-10,15.3,7.5,21.4,0.0,,17.0,4.1,,1019.5,,Imphal,NESA
2025-01-11,15.1,6.1,22.8,0.0,,304.0,4.1,,1020.5,,Imphal,NESA
2025-01-12,15.6,7.1,23.0,0.0,,310.0,3.6,,1019.6,,Imphal,NESA
2025-01-13,16.3,8.7,23.1,0.0,,324.0,3.9,,1016.6,,Imphal,NESA
2025-01-14,16.8,7.9,23.7,0.0,,327.0,4.5,,1018.3,,Imphal,NESA
2025-01-15,16.1,6.6,23.0,0.0,,357.0,4.4,,1019.7,,Imphal,NESA
2025-01-16,16.1,6.5,23.6,0.0,,1.0,3.8,,1019.3,,Imphal,NESA
2025-01-17,15.6,6.7,23.4,0.0,,342.0,4.0,,1017.6,,Imphal,NESA
2025-01-18,16.6,8.1,23.4,0.0,,332.0,3.6,,1016.5,,Imphal,NESA
2025-01-19,15.9,7.9,23.2,0.0,,325.0,3.1,,1014.9,,Imphal,NESA
2025-01-20,16.4,7.0,23.0,0.0,,325.0,4.0,,1013.6,,Imphal,NESA
2025-01-21,15.7,7.1,24.2,0.0,,311.0,3.9,,1012.7,,Imphal,NESA
2025-01-22,16.3,7.9,24.7,0.0,,334.0,3.6,,1013.8,,Imphal,NESA
2025-01-23,15.0,7.5,24.0,0.0,,319.0,3.6,,1014.3,,Imphal,NESA
2025-01-24,15.3,6.1,24.0,0.0,,303.0,4.8,,1013.7,,Imphal,NESA
2025-01-25,16.2,8.5,21.0,0.0,,302.0,6.9,,1015.0,,Imphal,NESA
2025-01-26,16.0,6.6,22.0,0.0,,22.0,5.7,,1014.4,,Imphal,NESA
2025-01-27,15.8,7.5,23.0,0.0,,321.0,5.0,,1012.4,,Imphal,NESA
2025-01-28,15.3,7.4,22.0,0.0,,303.0,4.5,,1014.4,,Imphal,NESA
2025-01-29,15.9,9.4,22.0,0.0,,289.0,4.9,,1016.5,,Imphal,NESA
2025-01-30,14.5,8.1,27.7,0.0,,293.0,5.8,,1013.6,,Imphal,NESA
2025-01-31,15.3,10.0,20.0,0.3,,285.0,4.8,,1014.1,,Imphal,NESA
2025-02-01,17.8,10.0,23.0,1.0,,306.0,8.0,,1014.6,,Imphal,NESA
2025-02-02,16.4,8.0,23.0,0.0,,302.0,6.4,,1014.2,,Imphal,NESA
2025-02-03,16.0,10.0,23.4,0.8,,325.0,6.1,,1014.9,,Imphal,NESA
2025-02-04,15.7,7.6,23.0,0.0,,300.0,5.2,,1014.1,,Imphal,NESA
2025-02-05,16.5,8.2,23.0,0.0,,275.0,5.5,,1013.2,,Imphal,NESA
2025-02-06,16.7,10.6,24.0,0.0,,319.0,6.6,,1014.2,,Imphal,NESA
2025-02-07,17.2,9.0,24.8,0.0,,325.0,5.6,,1015.4,,Imphal,NESA
2025-02-08,16.4,5.8,25.0,0.0,,320.0,5.2,,1015.6,,Imphal,NESA
2025-02-09,15.3,6.1,25.0,0.0,,339.0,5.9,,1014.2,,Imphal,NESA
2025-02-10,16.7,7.0,24.0,0.0,,297.0,9.3,,1015.3,,Imphal,NESA
2025-02-11,18.1,9.0,24.7,0.0,,281.0,8.2,,1015.1,,Imphal,NESA
2025-02-12,16.7,12.0,24.0,1.9,,266.0,6.6,,1015.5,,Imphal,NESA
2025-02-13,17.2,10.0,26.0,6.0,,283.0,7.3,,1014.3,,Imphal,NESA
2025-02-14,16.9,10.2,24.0,9.2,,274.0,8.3,,1013.6,,Imphal,NESA
2025-02-15,15.2,8.7,23.0,0.0,,325.0,7.2,,1014.0,,Imphal,NESA
2025-02-16,14.7,8.0,23.0,0.0,,317.0,7.2,,1015.6,,Imphal,NESA
2025-02-17,16.3,9.0,24.2,0.0,,318.0,7.1,,1016.5,,Imphal,NESA
2025-02-18,17.3,11.8,24.7,0.4,,312.0,8.6,,1015.1,,Imphal,NESA
2025-01-01,11.2,6.5,17.2,0.0,,324.0,4.3,,1015.8,,Shillong,NESA
2025-01-02,11.6,7.4,18.7,0.0,,64.0,5.3,,1016.2,,Shillong,NESA
2025-01-03,11.8,6.5,19.4,0.1,,40.0,5.6,,1016.5,,Shillong,NESA
2025-01-04,12.2,6.9,20.1,0.0,,349.0,4.8,,1016.2,,Shillong,NESA
2025-01-05,12.9,8.0,19.5,0.0,,321.0,4.3,,1017.4,,Shillong,NESA
2025-01-06,12.9,8.2,19.7,0.0,,308.0,4.4,,1015.8,,Shillong,NESA
2025-01-07,11.9,7.2,17.5,0.5,,230.0,9.1,,1013.7,,Shillong,NESA
2025-01-08,10.4,6.7,15.5,0.0,,321.0,6.7,,1014.7,,Shillong,NESA
2025-01-09,9.8,4.4,16.2,0.1,,331.0,4.9,,1017.8,,Shillong,NESA
2025-01-10,10.5,4.6,17.6,0.0,,295.0,5.5,,1019.4,,Shillong,NESA
2025-01-11,11.2,5.8,18.7,0.0,,292.0,6.1,,1019.7,,Shillong,NESA
2025-01-12,11.3,5.4,18.3,0.0,,297.0,6.1,,1018.6,,Shillong,NESA
2025-01-13,10.5,6.0,16.5,0.4,,269.0,5.7,,1016.4,,Shillong,NESA
2025-01-14,10.6,5.5,16.9,0.3,,24.0,4.8,,1019.1,,Shillong,NESA
2025-01-15,11.6,7.4,18.4,0.0,,43.0,4.7,,1019.5,,Shillong,NESA
2025-01-16,12.1,6.6,19.2,0.0,,336.0,5.2,,1018.8,,Shillong,NESA
2025-01-17,12.3,7.4,18.9,0.0,,319.0,3.8,,1017.6,,Shillong,NESA
2025-01-18,12.2,8.4,18.9,0.0,,337.0,4.5,,1016.6,,Shillong,NESA
2025-01-19,11.7,5.6,18.9,0.0,,342.0,4.6,,1015.1,,Shillong,NESA
2025-01-20,12.0,6.5,18.8,0.0,,346.0,4.5,,1013.0,,Shillong,NESA
2025-01-21,12.5,7.4,19.0,0.0,,22.0,4.5,,1012.8,,Shillong,NESA
2025-01-22,12.6,8.8,18.8,0.0,,6.0,4.4,,1013.8,,Shillong,NESA
2025-01-23,12.0,7.3,18.8,0.0,,317.0,5.1,,1014.0,,Shillong,NESA
2025-01-24,12.3,7.5,18.8,0.0,,278.0,11.0,,1012.4,,Shillong,NESA
2025-01-25,10.7,7.4,16.0,0.3,,316.0,12.9,,1014.5,,Shillong,NESA
2025-01-26,10.6,6.4,17.4,0.0,,148.0,7.6,,1014.0,,Shillong,NESA
2025-01-27,10.9,6.3,16.8,0.0,,233.0,6.7,,1012.1,,Shillong,NESA
2025-01-28,11.0,7.0,17.0,0.0,,269.0,5.4,,1014.4,,Shillong,NESA
2025-01-29,10.3,6.2,14.6,2.0,,226.0,6.3,,1016.5,,Shillong,NESA
2025-01-30,11.5,5.4,17.4,0.0,,231.0,17.1,,1011.9,,Shillong,NESA
2025-01-31,12.2,7.6,18.2,0.0,,238.0,17.2,,1012.4,,Shillong,NESA
2025-02-01,10.9,5.8,17.5,0.0,,253.0,10.6,,1013.8,,Shillong,NESA
2025-02-02,10.7,5.1,18.1,0.0,,242.0,10.3,,1013.5,,Shillong,NESA
2025-02-03,10.9,5.8,16.6,0.0,,245.0,8.6,,1014.7,,Shillong,NESA
2025-02-04,12.5,7.9,19.6,0.0,,215.0,7.0,,1014.0,,Shillong,NESA
2025-02-05,12.4,8.3,19.0,0.0,,259.0,7.4,,1012.4,,Shillong,NESA
2025-02-06,12.3,7.5,20.0,0.0,,247.0,12.0,,1013.0,,Shillong,NESA
2025-02-07,10.8,4.3,19.3,0.0,,231.0,10.7,,1013.5,,Shillong,NESA
2025-02-08,10.9,5.1,18.4,0.0,,148.0,7.6,,1015.0,,Shillong,NESA
2025-02-09,11.7,7.0,18.7,0.0,,244.0,7.2,,1013.8,,Shillong,NESA
2025-02-10,11.2,5.7,18.2,0.9,,238.0,9.2,,1014.4,,Shillong,NESA
2025-02-11,12.2,8.0,18.8,0.0,,222.0,18.3,,1013.3,,Shillong,NESA
2025-02-12,13.1,8.6,18.9,0.0,,229.0,19.6,,1013.5,,Shillong,NESA
2025-02-13,13.0,9.1,18.2,0.7,,227.0,21.0,,1012.3,,Shillong,NESA
2025-02-14,11.2,6.1,18.2,0.0,,248.0,14.9,,1012.1,,Shillong,NESA
2025-02-15,10.9,5.3,17.6,0.3,,252.0,9.8,,1013.1,,Shillong,NESA
2025-02-16,10.4,5.5,15.5,0.3,,238.0,12.9,,1014.2,,Shillong,NESA
2025-02-17,12.2,7.3,19.0,0.0,,236.0,12.7,,1016.4,,Shillong,NESA
2025-02-18,12.7,8.7,19.5,0.0,,242.0,12.9,,1015.3,,Shillong,NESA
2025-01-01,20.4,17.4,25.4,0.0,,26.0,5.3,,1016.0,,Bhubaneswar,OR
2025-01-02,19.3,14.0,26.4,0.0,,359.0,3.6,,1015.1,,Bhubaneswar,OR
2025-01-03,19.4,15.0,25.6,0.0,,47.0,4.7,,1015.5,,Bhubaneswar,OR
2025-01-04,19.2,13.0,26.0,0.0,,12.0,4.0,,1014.3,,Bhubaneswar,OR
2025-01-05,20.1,15.0,26.4,0.0,,355.0,3.2,,1014.5,,Bhubaneswar,OR
2025-01-06,20.4,15.0,27.0,0.0,,313.0,3.1,,1013.7,,Bhubaneswar,OR
2025-01-07,21.3,16.0,29.0,0.0,,329.0,4.2,,1013.0,,Bhubaneswar,OR
2025-01-08,21.0,16.0,27.8,0.0,,347.0,5.3,,1013.7,,Bhubaneswar,OR
2025-01-09,19.9,15.0,26.0,0.0,,26.0,5.4,,1016.4,,Bhubaneswar,OR
2025-01-10,18.9,14.0,25.2,0.0,,25.0,4.9,,1018.2,,Bhubaneswar,OR
2025-01-11,19.0,14.0,26.4,0.0,,12.0,4.1,,1017.8,,Bhubaneswar,OR
2025-01-12,19.5,13.0,27.0,0.0,,8.0,4.3,,1016.8,,Bhubaneswar,OR
2025-01-13,20.6,14.0,27.8,0.0,,1.0,3.5,,1014.8,,Bhubaneswar,OR
2025-01-14,21.8,17.0,27.4,0.0,,47.0,5.1,,1016.8,,Bhubaneswar,OR
2025-01-15,21.8,18.0,27.0,0.0,,31.0,5.5,,1017.7,,Bhubaneswar,OR
2025-01-16,20.5,16.0,27.0,0.0,,28.0,5.1,,1017.1,,Bhubaneswar,OR
2025-01-17,19.5,14.0,27.0,0.0,,5.0,5.1,,1016.1,,Bhubaneswar,OR
2025-01-18,19.5,13.0,27.2,0.0,,1.0,4.5,,1015.6,,Bhubaneswar,OR
2025-01-19,20.8,14.0,28.6,0.0,,327.0,4.7,,1014.5,,Bhubaneswar,OR
2025-01-20,21.1,15.0,29.8,0.0,,329.0,3.9,,1012.7,,Bhubaneswar,OR
2025-01-21,21.8,14.0,31.4,0.0,,337.0,4.5,,1011.9,,Bhubaneswar,OR
2025-01-22,22.6,15.0,31.4,0.0,,355.0,3.7,,1012.4,,Bhubaneswar,OR
2025-01-23,23.7,18.0,30.0,0.0,,194.0,4.3,,1012.6,,Bhubaneswar,OR
2025-01-24,23.4,19.0,30.2,0.0,,187.0,4.5,,1012.2,,Bhubaneswar,OR
2025-01-25,22.9,18.0,28.0,0.0,,131.0,4.6,,1012.4,,Bhubaneswar,OR
2025-01-26,23.2,20.0,28.0,0.3,,63.0,5.8,,1012.3,,Bhubaneswar,OR
2025-01-27,22.8,19.0,28.0,0.0,,335.0,5.2,,1010.8,,Bhubaneswar,OR
2025-01-28,23.4,18.0,30.0,0.0,,184.0,6.4,,1011.5,,Bhubaneswar,OR
2025-01-29,24.5,22.0,30.0,0.0,,183.0,6.3,,1013.3,,Bhubaneswar,OR
2025-01-30,23.9,20.0,29.0,0.0,,188.0,9.8,,1011.1,,Bhubaneswar,OR
2025-01-31,25.0,21.0,31.0,0.0,,194.0,8.1,,1010.4,,Bhubaneswar,OR
2025-02-01,26.0,22.0,33.0,0.0,,195.0,8.5,,1010.9,,Bhubaneswar,OR
2025-02-02,27.0,23.0,34.0,0.0,,215.0,7.8,,1010.8,,Bhubaneswar,OR
2025-02-03,25.3,21.0,31.0,0.0,,56.0,8.7,,1011.6,,Bhubaneswar,OR
2025-02-04,26.3,22.0,32.0,0.0,,182.0,6.3,,1011.9,,Bhubaneswar,OR
2025-02-05,27.2,24.0,33.0,0.0,,203.0,8.2,,1010.5,,Bhubaneswar,OR
2025-02-06,26.5,23.0,32.0,0.0,,99.0,7.1,,1010.9,,Bhubaneswar,OR
2025-02-07,25.0,21.0,31.0,0.0,,62.0,7.4,,1013.2,,Bhubaneswar,OR
2025-02-08,24.1,19.0,30.0,0.0,,35.0,5.8,,1013.0,,Bhubaneswar,OR
2025-02-09,24.7,19.0,31.0,0.0,,307.0,5.5,,1012.6,,Bhubaneswar,OR
2025-02-10,25.3,20.0,32.0,0.0,,215.0,8.1,,1013.0,,Bhubaneswar,OR
2025-02-11,25.8,21.0,32.0,0.0,,197.0,8.9,,1012.0,,Bhubaneswar,OR
2025-02-12,27.0,22.0,34.0,0.0,,209.0,9.3,,1011.1,,Bhubaneswar,OR
2025-02-13,27.5,22.0,34.0,0.0,,258.0,7.4,,1010.6,,Bhubaneswar,OR
2025-02-14,25.5,20.0,32.0,0.0,,357.0,7.5,,1011.3,,Bhubaneswar,OR
2025-02-15,25.0,18.0,32.0,0.0,,328.0,7.8,,1011.4,,Bhubaneswar,OR
2025-02-16,25.3,18.0,33.0,0.0,,209.0,7.7,,1011.3,,Bhubaneswar,OR
2025-02-17,26.3,22.0,32.0,0.0,,190.0,10.9,,1012.5,,Bhubaneswar,OR
2025-02-18,26.4,21.0,33.3,0.0,,194.0,10.5,,1012.4,,Bhubaneswar,OR
2025-01-01,10.2,7.3,16.4,0.0,,299.0,8.7,,1018.9,,Meerut,UW
2025-01-02,11.2,7.7,18.5,0.0,,301.0,8.1,,1018.1,,Meerut,UW
2025-01-03,11.5,7.4,20.3,0.0,,308.0,6.9,,1017.9,,Meerut,UW
2025-01-04,11.0,6.6,19.6,0.0,,51.0,5.7,,1016.1,,Meerut,UW
2025-01-05,11.5,7.0,18.6,0.0,,105.0,7.2,,1016.4,,Meerut,UW
2025-01-06,12.5,8.7,18.8,2.1,,339.0,7.9,,1017.0,,Meerut,UW
2025-01-07,12.7,10.1,17.8,0.0,,301.0,12.2,,1017.2,,Meerut,UW
2025-01-08,12.0,8.4,18.6,0.0,,298.0,10.1,,1015.5,,Meerut,UW
2025-01-09,10.5,5.5,17.8,0.0,,346.0,4.1,,1018.5,,Meerut,UW
2025-01-10,10.1,4.6,16.8,0.0,,61.0,3.3,,1020.2,,Meerut,UW
2025-01-11,11.6,6.1,18.0,5.5,,78.0,8.4,,1018.8,,Meerut,UW
2025-01-12,13.3,9.2,18.1,1.0,,18.0,6.6,,1019.2,,Meerut,UW
2025-01-13,13.0,8.4,20.4,0.0,,309.0,8.0,,1018.4,,Meerut,UW
2025-01-14,12.2,7.2,18.6,0.0,,319.0,5.3,,1019.0,,Meerut,UW
2025-01-15,12.1,8.4,18.5,2.4,,98.0,4.2,,1020.4,,Meerut,UW
2025-01-16,13.0,10.0,18.2,0.0,,25.0,5.1,,1021.1,,Meerut,UW
2025-01-17,12.6,8.6,19.8,0.0,,308.0,9.8,,1020.2,,Meerut,UW
2025-01-18,11.2,6.8,18.5,0.0,,302.0,6.5,,1018.6,,Meerut,UW
2025-01-19,13.5,7.8,23.2,0.0,,313.0,6.7,,1017.1,,Meerut,UW
2025-01-20,16.1,10.9,24.2,0.0,,291.0,10.6,,1014.8,,Meerut,UW
2025-01-21,15.5,10.6,22.4,0.0,,292.0,9.9,,1013.8,,Meerut,UW
2025-01-22,15.4,9.0,24.2,0.2,,313.0,7.8,,1013.6,,Meerut,UW
2025-01-23,15.6,10.4,23.0,13.5,,310.0,9.5,,1015.0,,Meerut,UW
2025-01-24,14.1,9.2,21.1,0.0,,292.0,12.7,,1015.2,,Meerut,UW
2025-01-25,13.4,8.8,20.3,0.0,,284.0,12.0,,1014.8,,Meerut,UW
2025-01-26,12.3,6.4,20.2,0.0,,286.0,9.4,,1014.7,,Meerut,UW
2025-01-27,12.2,6.0,20.2,0.0,,290.0,8.7,,1013.4,,Meerut,UW
2025-01-28,12.6,6.2,20.3,0.0,,291.0,6.8,,1013.1,,Meerut,UW
2025-01-29,13.7,8.1,21.3,0.0,,101.0,9.1,,1014.9,,Meerut,UW
2025-01-30,15.3,8.9,22.9,0.0,,114.0,6.0,,1011.5,,Meerut,UW
2025-01-31,16.2,9.7,24.1,0.0,,105.0,6.5,,1010.9,,Meerut,UW
2025-02-01,16.8,10.5,24.2,0.0,,84.0,7.1,,1013.1,,Meerut,UW
2025-02-02,15.8,11.0,22.9,0.0,,317.0,10.7,,1015.4,,Meerut,UW
2025-02-03,14.3,8.5,21.5,0.0,,313.0,8.1,,1014.8,,Meerut,UW
2025-02-04,15.5,11.2,21.4,6.7,,78.0,7.6,,1014.9,,Meerut,UW
2025-02-05,14.8,10.4,20.7,5.7,,309.0,10.9,,1015.6,,Meerut,UW
2025-02-06,13.8,7.8,20.7,0.0,,311.0,14.7,,1017.1,,Meerut,UW
2025-02-07,14.1,9.5,20.4,0.0,,291.0,16.7,,1016.5,,Meerut,UW
2025-02-08,15.1,10.0,22.7,0.0,,291.0,13.5,,1015.2,,Meerut,UW
2025-02-09,15.3,8.8,24.2,0.0,,303.0,9.4,,1014.5,,Meerut,UW
2025-02-10,16.2,8.7,25.2,0.0,,319.0,8.1,,1014.0,,Meerut,UW
2025-02-11,17.3,10.0,26.4,0.0,,310.0,8.2,,1013.3,,Meerut,UW
2025-02-12,17.0,11.0,24.2,0.0,,304.0,13.8,,1014.1,,Meerut,UW
2025-02-13,16.8,12.2,23.0,0.0,,297.0,19.2,,1014.3,,Meerut,UW
2025-02-14,17.3,12.5,23.6,0.0,,292.0,16.7,,1012.3,,Meerut,UW
2025-02-15,16.9,11.2,22.9,0.0,,359.0,8.8,,1010.7,,Meerut,UW
2025-02-16,17.8,10.7,25.5,0.1,,333.0,7.2,,1012.4,,Meerut,UW
2025-02-17,18.2,11.2,27.0,0.0,,314.0,7.5,,1014.9,,Meerut,UW
2025-02-18,18.4,11.8,26.5,0.0,,301.0,10.0,,1014.2,,Meerut,UW
2025-01-01,10.9,6.9,17.2,0.0,,291.0,8.2,,1018.7,,Aligarh,UW
2025-01-02,12.1,7.9,18.7,0.0,,286.0,8.0,,1018.0,,Aligarh,UW
2025-01-03,12.8,7.3,21.2,0.0,,293.0,6.4,,1017.5,,Aligarh,UW
2025-01-04,12.6,7.1,20.6,0.0,,144.0,4.5,,1015.9,,Aligarh,UW
2025-01-05,11.7,7.6,18.1,0.0,,96.0,6.5,,1016.2,,Aligarh,UW
2025-01-06,11.8,7.9,16.8,0.0,,1.0,7.1,,1016.6,,Aligarh,UW
2025-01-07,12.9,10.1,17.6,0.0,,291.0,12.5,,1017.0,,Aligarh,UW
2025-01-08,12.5,8.2,18.8,0.0,,281.0,10.5,,1015.9,,Aligarh,UW
2025-01-09,12.0,6.5,19.1,0.0,,14.0,4.4,,1018.3,,Aligarh,UW
2025-01-10,11.3,5.4,18.6,0.0,,84.0,4.6,,1019.9,,Aligarh,UW
2025-01-11,12.8,7.4,19.0,2.4,,81.0,8.4,,1018.3,,Aligarh,UW
2025-01-12,14.8,10.6,19.7,5.5,,350.0,7.4,,1018.4,,Aligarh,UW
2025-01-13,13.6,9.2,19.6,0.0,,299.0,8.0,,1018.3,,Aligarh,UW
2025-01-14,13.2,8.0,19.5,0.0,,297.0,4.2,,1018.9,,Aligarh,UW
2025-01-15,12.8,7.1,18.9,4.2,,89.0,4.5,,1019.9,,Aligarh,UW
2025-01-16,12.7,10.1,16.7,4.9,,64.0,6.1,,1020.8,,Aligarh,UW
2025-01-17,13.0,8.8,19.6,0.0,,306.0,8.7,,1019.9,,Aligarh,UW
2025-01-18,11.5,6.3,18.6,0.0,,299.0,6.1,,1018.5,,Aligarh,UW
2025-01-19,14.0,7.4,22.6,0.0,,301.0,6.4,,1017.0,,Aligarh,UW
2025-01-20,16.7,12.3,23.2,0.0,,297.0,10.4,,1014.7,,Aligarh,UW
2025-01-21,16.2,11.7,22.8,0.0,,299.0,10.3,,1013.8,,Aligarh,UW
2025-01-22,16.2,10.7,23.6,0.0,,298.0,6.2,,1013.5,,Aligarh,UW
2025-01-23,16.0,12.8,21.1,0.3,,312.0,8.4,,1014.8,,Aligarh,UW
2025-01-24,14.6,9.4,21.0,0.0,,290.0,11.7,,1015.3,,Aligarh,UW
2025-01-25,13.9,8.8,20.8,0.0,,277.0,11.1,,1015.1,,Aligarh,UW
2025-01-26,13.1,7.5,20.4,0.0,,283.0,8.4,,1014.8,,Aligarh,UW
2025-01-27,13.0,7.0,20.4,0.0,,287.0,7.8,,1013.5,,Aligarh,UW
2025-01-28,13.4,6.7,21.4,0.0,,272.0,6.2,,1013.2,,Aligarh,UW
2025-01-29,14.7,8.6,22.4,0.0,,99.0,7.7,,1014.7,,Aligarh,UW
2025-01-30,15.9,9.7,23.4,0.0,,119.0,6.0,,1011.4,,Aligarh,UW
2025-01-31,17.0,10.3,24.9,0.0,,106.0,6.3,,1010.8,,Aligarh,UW
2025-02-01,18.0,13.1,24.4,0.0,,80.0,7.8,,1012.7,,Aligarh,UW
2025-02-02,17.2,11.8,23.8,0.0,,328.0,9.1,,1015.0,,Aligarh,UW
2025-02-03,16.2,10.8,22.4,0.0,,323.0,7.2,,1014.6,,Aligarh,UW
2025-02-04,17.4,13.4,22.5,6.0,,54.0,6.7,,1014.7,,Aligarh,UW
2025-02-05,16.5,13.3,21.5,0.0,,318.0,11.6,,1015.0,,Aligarh,UW
2025-02-06,15.5,11.6,21.5,0.0,,311.0,14.4,,1016.6,,Aligarh,UW
2025-02-07,14.8,9.6,20.8,0.0,,291.0,14.9,,1016.7,,Aligarh,UW
2025-02-08,15.7,10.0,23.0,0.0,,286.0,11.6,,1015.4,,Aligarh,UW
2025-02-09,16.4,10.2,24.4,0.0,,295.0,7.9,,1014.5,,Aligarh,UW
2025-02-10,17.2,9.5,25.9,0.0,,303.0,6.3,,1013.9,,Aligarh,UW
2025-02-11,18.4,11.1,26.8,0.0,,303.0,6.6,,1013.2,,Aligarh,UW
2025-02-12,18.3,11.7,25.3,0.0,,307.0,12.1,,1013.9,,Aligarh,UW
2025-02-13,17.6,12.3,23.5,0.0,,292.0,16.7,,1014.4,,Aligarh,UW
2025-02-14,17.8,12.6,23.9,0.0,,285.0,14.1,,1012.6,,Aligarh,UW
2025-02-15,17.8,11.3,25.5,0.0,,44.0,7.5,,1010.5,,Aligarh,UW
2025-02-16,18.6,11.3,26.1,0.0,,42.0,6.1,,1012.0,,Aligarh,UW
2025-02-17,19.5,13.8,26.5,0.0,,350.0,4.7,,1014.9,,Aligarh,UW
2025-02-18,18.7,13.8,24.9,0.0,,314.0,7.5,,1014.7,,Aligarh,UW
2025-01-01,13.0,11.1,16.5,0.0,,257.0,4.9,,1018.2,,Allahabad,UE
2025-01-02,12.7,10.1,16.9,0.0,,250.0,3.7,,1017.9,,Allahabad,UE
2025-01-03,10.4,9.0,18.5,0.0,,250.0,3.2,,1017.4,,Allahabad,UE
2025-01-04,13.1,10.5,18.3,0.0,,234.0,2.5,,1016.4,,Allahabad,UE
2025-01-05,13.6,10.7,17.8,0.0,,135.0,2.9,,1016.2,,Allahabad,UE
2025-01-06,14.9,12.4,19.2,0.0,,281.0,2.9,,1015.1,,Allahabad,UE
2025-01-07,14.5,12.7,17.2,0.0,,271.0,8.4,,1016.0,,Allahabad,UE
2025-01-08,13.2,11.0,16.1,0.0,,251.0,6.0,,1016.4,,Allahabad,UE
2025-01-09,12.7,9.2,17.6,0.0,,238.0,2.4,,1018.3,,Allahabad,UE
2025-01-10,13.3,9.4,18.9,0.0,,74.0,2.3,,1019.7,,Allahabad,UE
2025-01-11,14.1,9.6,20.3,0.0,,103.0,3.6,,1018.7,,Allahabad,UE
2025-01-12,15.4,11.6,20.0,1.8,,48.0,3.5,,1017.3,,Allahabad,UE
2025-01-13,15.3,13.0,19.2,0.0,,264.0,4.5,,1017.2,,Allahabad,UE
2025-01-14,14.9,11.6,19.9,0.0,,244.0,2.3,,1018.5,,Allahabad,UE
2025-01-15,14.3,10.8,19.5,0.0,,88.0,2.1,,1019.8,,Allahabad,UE
2025-01-16,14.8,11.1,19.4,0.0,,2.0,2.5,,1019.1,,Allahabad,UE
2025-01-17,15.2,12.9,18.8,0.0,,270.0,4.6,,1018.8,,Allahabad,UE
2025-01-18,14.8,11.9,19.9,0.0,,254.0,3.9,,1017.7,,Allahabad,UE
2025-01-19,14.9,10.4,20.6,0.0,,250.0,5.0,,1016.4,,Allahabad,UE
2025-01-20,17.5,13.0,23.0,0.0,,262.0,7.8,,1013.9,,Allahabad,UE
2025-01-21,18.3,14.4,23.6,0.0,,256.0,7.0,,1012.6,,Allahabad,UE
2025-01-22,17.9,13.6,24.0,0.0,,237.0,3.8,,1012.9,,Allahabad,UE
2025-01-23,17.9,12.9,24.4,0.0,,229.0,2.3,,1013.3,,Allahabad,UE
2025-01-24,17.8,14.8,21.9,0.0,,271.0,6.6,,1013.9,,Allahabad,UE
2025-01-25,16.6,12.9,21.5,0.0,,259.0,6.6,,1014.7,,Allahabad,UE
2025-01-26,15.7,10.6,22.0,0.0,,245.0,3.7,,1014.6,,Allahabad,UE
2025-01-27,15.4,10.2,21.8,0.0,,251.0,5.4,,1013.1,,Allahabad,UE
2025-01-28,15.3,10.1,22.3,0.0,,241.0,3.9,,1013.2,,Allahabad,UE
2025-01-29,16.3,11.2,23.0,0.0,,127.0,2.8,,1014.7,,Allahabad,UE
2025-01-30,17.3,11.3,24.6,0.0,,197.0,2.5,,1011.4,,Allahabad,UE
2025-01-31,18.5,12.6,26.1,0.0,,177.0,2.0,,1010.5,,Allahabad,UE
2025-02-01,19.8,13.8,27.0,0.0,,133.0,2.6,,1011.6,,Allahabad,UE
2025-02-02,20.4,15.2,26.6,0.0,,260.0,3.1,,1012.6,,Allahabad,UE
2025-02-03,20.2,15.4,25.9,0.0,,251.0,4.1,,1013.2,,Allahabad,UE
2025-02-04,20.8,15.2,26.9,0.0,,288.0,2.5,,1013.3,,Allahabad,UE
2025-02-05,21.7,16.8,27.4,0.0,,272.0,6.2,,1011.8,,Allahabad,UE
2025-02-06,19.5,16.1,23.4,0.0,,271.0,11.0,,1014.6,,Allahabad,UE
2025-02-07,17.7,13.7,22.2,0.0,,265.0,9.9,,1015.5,,Allahabad,UE
2025-02-08,17.4,12.6,23.0,0.0,,253.0,6.3,,1015.1,,Allahabad,UE
2025-02-09,18.2,12.5,25.3,0.0,,235.0,4.8,,1013.7,,Allahabad,UE
2025-02-10,19.2,12.4,27.3,0.0,,232.0,3.7,,1013.0,,Allahabad,UE
2025-02-11,20.6,14.1,27.8,0.0,,244.0,5.7,,1012.3,,Allahabad,UE
2025-02-12,21.8,15.7,28.3,0.0,,252.0,6.8,,1012.0,,Allahabad,UE
2025-02-13,20.4,16.0,24.7,0.0,,264.0,12.4,,1013.1,,Allahabad,UE
2025-02-14,20.3,15.6,25.1,0.0,,261.0,10.9,,1012.2,,Allahabad,UE
2025-02-15,21.0,15.5,27.5,0.0,,226.0,4.6,,1010.6,,Allahabad,UE
2025-02-16,21.7,16.1,28.5,0.0,,168.0,2.7,,1010.7,,Allahabad,UE
2025-02-17,22.1,16.4,28.6,0.0,,145.0,2.4,,1013.4,,Allahabad,UE
2025-02-18,21.6,16.6,27.0,0.0,,226.0,4.0,,1013.5,,Allahabad,UE
2025-01-01,12.9,8.9,17.7,0.0,,267.0,8.7,,1017.2,,Gorakhpur,UE
2025-01-02,12.9,8.1,19.0,0.0,,281.0,4.9,,1017.3,,Gorakhpur,UE
2025-01-03,12.8,7.9,19.8,0.0,,290.0,3.5,,1017.0,,Gorakhpur,UE
2025-01-04,13.4,7.8,19.9,0.0,,309.0,2.8,,1016.1,,Gorakhpur,UE
2025-01-05,13.8,8.8,19.4,0.0,,315.0,2.1,,1016.5,,Gorakhpur,UE
2025-01-06,16.8,10.4,26.0,0.0,,342.0,3.4,,1014.7,,Gorakhpur,UE
2025-01-07,15.2,12.8,20.4,0.0,,272.0,9.6,,1014.4,,Gorakhpur,UE
2025-01-08,13.9,10.3,17.7,0.0,,268.0,9.0,,1015.3,,Gorakhpur,UE
2025-01-09,13.2,7.9,18.4,0.0,,303.0,3.7,,1018.3,,Gorakhpur,UE
2025-01-10,13.2,7.1,21.0,0.0,,341.0,2.5,,1019.7,,Gorakhpur,UE
2025-01-11,14.1,7.7,23.2,0.0,,35.0,3.0,,1019.0,,Gorakhpur,UE
2025-01-12,15.7,10.2,23.1,0.7,,39.0,4.9,,1017.8,,Gorakhpur,UE
2025-01-13,15.7,11.1,22.8,0.0,,284.0,6.3,,1016.3,,Gorakhpur,UE
2025-01-14,15.5,10.4,21.5,0.0,,282.0,4.8,,1018.5,,Gorakhpur,UE
2025-01-15,14.4,9.7,19.8,0.0,,320.0,3.4,,1020.0,,Gorakhpur,UE
2025-01-16,14.1,8.7,20.4,0.0,,313.0,3.9,,1019.2,,Gorakhpur,UE
2025-01-17,15.7,11.0,23.4,0.0,,297.0,6.8,,1017.5,,Gorakhpur,UE
2025-01-18,15.6,10.8,23.4,0.0,,280.0,7.1,,1016.7,,Gorakhpur,UE
2025-01-19,14.8,11.0,20.1,0.0,,271.0,8.8,,1015.0,,Gorakhpur,UE
2025-01-20,13.6,9.8,19.7,0.0,,296.0,5.5,,1012.9,,Gorakhpur,UE
2025-01-21,14.4,9.2,21.0,0.0,,314.0,5.4,,1012.2,,Gorakhpur,UE
2025-01-22,14.7,11.4,20.8,0.0,,318.0,3.4,,1013.2,,Gorakhpur,UE
2025-01-23,15.0,11.2,21.1,0.0,,279.0,3.9,,1013.6,,Gorakhpur,UE
2025-01-24,16.3,11.7,22.8,0.0,,268.0,11.7,,1012.6,,Gorakhpur,UE
2025-01-25,14.8,10.6,20.3,0.0,,258.0,9.1,,1013.7,,Gorakhpur,UE
2025-01-26,14.6,9.5,21.0,0.0,,286.0,5.9,,1014.2,,Gorakhpur,UE
2025-01-27,15.2,11.0,21.0,0.0,,265.0,8.5,,1012.1,,Gorakhpur,UE
2025-01-28,14.9,10.2,21.4,0.0,,250.0,6.3,,1013.0,,Gorakhpur,UE
2025-01-29,15.5,10.1,22.0,0.0,,58.0,4.3,,1015.2,,Gorakhpur,UE
2025-01-30,15.3,10.5,22.0,0.0,,257.0,4.5,,1011.2,,Gorakhpur,UE
2025-01-31,15.6,10.4,22.7,0.0,,261.0,4.9,,1011.0,,Gorakhpur,UE
2025-02-01,16.4,11.2,23.6,0.0,,274.0,4.2,,1012.6,,Gorakhpur,UE
2025-02-02,17.9,11.8,24.4,0.0,,275.0,10.9,,1012.4,,Gorakhpur,UE
2025-02-03,17.4,13.4,22.9,0.0,,271.0,10.6,,1013.0,,Gorakhpur,UE
2025-02-04,16.7,10.9,23.1,0.0,,294.0,5.9,,1013.4,,Gorakhpur,UE
2025-02-05,20.0,14.3,26.3,0.0,,272.0,12.8,,1011.2,,Gorakhpur,UE
2025-02-06,17.2,13.2,21.9,0.0,,270.0,15.6,,1012.8,,Gorakhpur,UE
2025-02-07,15.3,10.9,20.3,0.0,,262.0,13.6,,1013.8,,Gorakhpur,UE
2025-02-08,15.2,10.5,20.8,0.0,,284.0,7.2,,1014.5,,Gorakhpur,UE
2025-02-09,15.8,8.7,22.5,0.0,,30.0,3.0,,1013.4,,Gorakhpur,UE
2025-02-10,16.3,10.8,23.8,0.0,,266.0,6.1,,1013.1,,Gorakhpur,UE
2025-02-11,18.5,12.3,25.3,0.0,,276.0,11.4,,1011.5,,Gorakhpur,UE
2025-02-12,20.0,14.2,26.5,0.0,,269.0,13.2,,1011.2,,Gorakhpur,UE
2025-02-13,18.1,13.9,22.6,0.0,,263.0,15.7,,1011.1,,Gorakhpur,UE
2025-02-14,16.5,12.5,21.9,0.0,,263.0,12.0,,1010.5,,Gorakhpur,UE
2025-02-15,16.2,9.6,23.0,0.0,,314.0,5.3,,1011.1,,Gorakhpur,UE
2025-02-16,17.7,11.3,24.5,0.0,,84.0,5.5,,1011.8,,Gorakhpur,UE
2025-02-17,18.7,12.8,27.0,0.0,,67.0,5.3,,1014.6,,Gorakhpur,UE
2025-02-18,18.8,13.5,25.5,0.2,,214.0,6.2,,1013.9,,Gorakhpur,UE
2025-01-01,12.3,7.4,19.4,0.0,,316.0,4.0,,1019.6,,Jhansi,UE
2025-01-02,13.9,8.1,24.0,0.0,,303.0,4.1,,1019.0,,Jhansi,UE
2025-01-03,14.5,8.2,22.7,0.0,,311.0,3.3,,1018.6,,Jhansi,UE
2025-01-04,14.5,8.7,23.2,0.0,,90.0,3.6,,1016.7,,Jhansi,UE
2025-01-05,13.1,9.0,20.0,0.0,,88.0,5.2,,1016.6,,Jhansi,UE
2025-01-06,11.9,8.7,17.4,0.0,,17.0,4.6,,1016.9,,Jhansi,UE
2025-01-07,13.3,9.4,18.8,0.0,,315.0,7.6,,1018.4,,Jhansi,UE
2025-01-08,13.2,8.3,21.4,0.0,,293.0,5.1,,1017.5,,Jhansi,UE
2025-01-09,13.4,7.3,22.4,0.0,,21.0,4.3,,1018.9,,Jhansi,UE
2025-01-10,13.6,8.2,21.6,0.0,,83.0,5.0,,1020.1,,Jhansi,UE
2025-01-11,14.5,8.2,22.2,0.0,,83.0,7.3,,1018.1,,Jhansi,UE
2025-01-12,15.7,11.4,21.1,6.0,,3.0,6.4,,1018.5,,Jhansi,UE
2025-01-13,14.2,10.3,20.0,0.0,,334.0,5.7,,1019.2,,Jhansi,UE
2025-01-14,13.7,8.5,20.6,0.0,,18.0,4.1,,1019.8,,Jhansi,UE
2025-01-15,13.6,8.8,21.0,0.0,,62.0,6.1,,1020.3,,Jhansi,UE
2025-01-16,11.8,10.0,14.4,0.0,,19.0,6.5,,1020.7,,Jhansi,UE
2025-01-17,13.4,9.1,19.5,0.0,,340.0,5.0,,1020.9,,Jhansi,UE
2025-01-18,13.1,7.9,20.3,0.0,,354.0,3.6,,1019.4,,Jhansi,UE
2025-01-19,15.9,9.0,25.4,0.0,,186.0,3.7,,1017.6,,Jhansi,UE
2025-01-20,18.4,13.3,26.0,0.0,,311.0,5.2,,1015.8,,Jhansi,UE
2025-01-21,18.5,13.5,25.6,0.0,,319.0,4.6,,1014.7,,Jhansi,UE
2025-01-22,18.6,13.5,26.0,0.0,,17.0,4.1,,1014.2,,Jhansi,UE
2025-01-23,18.1,13.0,24.4,0.0,,19.0,7.0,,1014.8,,Jhansi,UE
2025-01-24,16.6,12.1,23.4,0.0,,326.0,7.2,,1016.3,,Jhansi,UE
2025-01-25,15.1,9.8,21.7,0.0,,303.0,7.6,,1015.8,,Jhansi,UE
2025-01-26,14.6,8.0,21.9,0.0,,301.0,5.8,,1015.2,,Jhansi,UE
2025-01-27,14.6,8.1,21.9,0.0,,294.0,5.4,,1013.8,,Jhansi,UE
2025-01-28,14.6,7.7,22.4,0.0,,239.0,5.6,,1013.6,,Jhansi,UE
2025-01-29,16.9,10.6,24.9,0.0,,118.0,7.7,,1014.2,,Jhansi,UE
2025-01-30,17.8,11.2,26.4,0.0,,97.0,6.1,,1010.9,,Jhansi,UE
2025-01-31,19.2,12.5,27.4,0.0,,122.0,6.1,,1010.4,,Jhansi,UE
2025-02-01,18.7,11.6,26.6,0.0,,248.0,6.8,,1011.9,,Jhansi,UE
2025-02-02,18.6,13.4,24.8,0.0,,348.0,9.0,,1014.2,,Jhansi,UE
2025-02-03,18.6,12.8,24.4,0.0,,28.0,7.4,,1014.3,,Jhansi,UE
2025-02-04,19.7,14.9,24.9,0.0,,56.0,9.0,,1013.9,,Jhansi,UE
2025-02-05,18.9,14.9,23.9,0.0,,344.0,10.2,,1014.5,,Jhansi,UE
2025-02-06,16.3,9.9,22.9,0.0,,325.0,10.1,,1017.1,,Jhansi,UE
2025-02-07,15.9,9.8,23.1,0.0,,306.0,10.3,,1017.5,,Jhansi,UE
2025-02-08,17.1,11.5,23.9,0.0,,273.0,6.7,,1016.0,,Jhansi,UE
2025-02-09,17.5,10.1,25.4,0.0,,310.0,5.6,,1014.5,,Jhansi,UE
2025-02-10,19.8,12.2,28.0,0.0,,252.0,4.9,,1013.7,,Jhansi,UE
2025-02-11,20.7,13.1,28.8,0.0,,224.0,5.8,,1013.2,,Jhansi,UE
2025-02-12,20.9,15.1,28.5,0.0,,295.0,11.6,,1013.7,,Jhansi,UE
2025-02-13,18.9,13.2,25.8,0.0,,302.0,11.4,,1015.2,,Jhansi,UE
2025-02-14,19.8,13.1,27.9,0.0,,276.0,9.7,,1013.3,,Jhansi,UE
2025-02-15,21.5,15.1,30.1,0.0,,244.0,9.6,,1010.2,,Jhansi,UE
2025-02-16,20.5,13.8,27.1,0.0,,42.0,6.0,,1011.3,,Jhansi,UE
2025-02-17,21.3,15.2,27.9,0.0,,58.0,7.8,,1014.2,,Jhansi,UE
2025-02-18,19.7,15.7,24.4,0.0,,23.0,7.5,,1014.5,,Jhansi,UE
